{
  "type": "FeatureCollection",
  "crs": {
    "type": "name",
    "properties": {
      "name": "EPSG:3857"
    }
  },
  "features": [
    {
      "type": "Feature",
      "geometry": {
        "type": "Polygon",
        "coordinates": [
          [
            [
              8626012.039770987,
              2156007.3738763025
            ],
            [
              8626025.725819312,
              2156007.3738763025
            ],
            [
              8626025.725819312,
              2156020.1654741676
            ],
            [
              8626012.039770987,
              2156020.1654741676
            ],
            [
              8626012.039770987,
              2156007.3738763025
            ]
          ]
        ]
      },
      "properties": {
        "building_id": "B0001",
        "parcel_id": "P0001",
        "area": 175.07,
        "source_dataset": "Drone_Orthophoto_2024",
        "confidence_score": 0.92
      }
    },
    {
      "type": "Feature",
      "geometry": {
        "type": "Polygon",
        "coordinates": [
          [
            [
              8626051.932312552,
              2156008.3288134285
            ],
            [
              8626067.765597792,
              2156008.3288134285
            ],
            [
              8626067.765597792,
              2156025.9164624005
            ],
            [
              8626051.932312552,
              2156025.9164624005
            ],
            [
              8626051.932312552,
              2156008.3288134285
            ]
          ]
        ]
      },
      "properties": {
        "building_id": "B0002",
        "parcel_id": "P0002",
        "area": 278.47,
        "source_dataset": "Drone_Orthophoto_2024",
        "confidence_score": 0.92
      }
    },
    {
      "type": "Feature",
      "geometry": {
        "type": "Polygon",
        "coordinates": [
          [
            [
              8626088.652955547,
              2156006.20562381
            ],
            [
              8626107.450197194,
              2156006.20562381
            ],
            [
              8626107.450197194,
              2156024.253336437
            ],
            [
              8626088.652955547,
              2156024.253336437
            ],
            [
              8626088.652955547,
              2156006.20562381
            ]
          ]
        ]
      },
      "properties": {
        "building_id": "B0003",
        "parcel_id": "P0003",
        "area": 339.25,
        "source_dataset": "Drone_Orthophoto_2024",
        "confidence_score": 0.92
      }
    },
    {
      "type": "Feature",
      "geometry": {
        "type": "Polygon",
        "coordinates": [
          [
            [
              8626129.656539446,
              2156007.932893844
            ],
            [
              8626146.849349188,
              2156007.932893844
            ],
            [
              8626146.849349188,
              2156023.261957392
            ],
            [
              8626129.656539446,
              2156023.261957392
            ],
            [
              8626129.656539446,
              2156007.932893844
            ]
          ]
        ]
      },
      "properties": {
        "building_id": "B0004",
        "parcel_id": "P0004",
        "area": 263.55,
        "source_dataset": "Drone_Orthophoto_2024",
        "confidence_score": 0.92
      }
    },
    {
      "type": "Feature",
      "geometry": {
        "type": "Polygon",
        "coordinates": [
          [
            [
              8626170.6390251,
              2156011.320215557
            ],
            [
              8626186.385009786,
              2156011.320215557
            ],
            [
              8626186.385009786,
              2156025.827807179
            ],
            [
              8626170.6390251,
              2156025.827807179
            ],
            [
              8626170.6390251,
              2156011.320215557
            ]
          ]
        ]
      },
      "properties": {
        "building_id": "B0005",
        "parcel_id": "P0005",
        "area": 228.44,
        "source_dataset": "Drone_Orthophoto_2024",
        "confidence_score": 0.92
      }
    },
    {
      "type": "Feature",
      "geometry": {
        "type": "Polygon",
        "coordinates": [
          [
            [
              8626206.76394446,
              2156009.2153700474
            ],
            [
              8626229.513833925,
              2156009.2153700474
            ],
            [
              8626229.513833925,
              2156025.766039427
            ],
            [
              8626206.76394446,
              2156025.766039427
            ],
            [
              8626206.76394446,
              2156009.2153700474
            ]
          ]
        ]
      },
      "properties": {
        "building_id": "B0006",
        "parcel_id": "P0006",
        "area": 376.53,
        "source_dataset": "Drone_Orthophoto_2024",
        "confidence_score": 0.92
      }
    },
    {
      "type": "Feature",
      "geometry": {
        "type": "Polygon",
        "coordinates": [
          [
            [
              8626250.759346858,
              2156011.7140165614
            ],
            [
              8626264.591559436,
              2156011.7140165614
            ],
            [
              8626264.591559436,
              2156024.7279781657
            ],
            [
              8626250.759346858,
              2156024.7279781657
            ],
            [
              8626250.759346858,
              2156011.7140165614
            ]
          ]
        ]
      },
      "properties": {
        "building_id": "B0007",
        "parcel_id": "P0007",
        "area": 180.01,
        "source_dataset": "Drone_Orthophoto_2024",
        "confidence_score": 0.92
      }
    },
    {
      "type": "Feature",
      "geometry": {
        "type": "Polygon",
        "coordinates": [
          [
            [
              8626371.662164763,
              2156007.013212677
            ],
            [
              8626385.379214836,
              2156007.013212677
            ],
            [
              8626385.379214836,
              2156025.0154188923
            ],
            [
              8626371.662164763,
              2156025.0154188923
            ],
            [
              8626371.662164763,
              2156007.013212677
            ]
          ]
        ]
      },
      "properties": {
        "building_id": "B0008",
        "parcel_id": "P0010",
        "area": 246.94,
        "source_dataset": "Drone_Orthophoto_2024",
        "confidence_score": 0.92
      }
    },
    {
      "type": "Feature",
      "geometry": {
        "type": "Polygon",
        "coordinates": [
          [
            [
              8626410.71460768,
              2156008.26836212
            ],
            [
              8626427.286267554,
              2156008.26836212
            ],
            [
              8626427.286267554,
              2156025.4598084786
            ],
            [
              8626410.71460768,
              2156025.4598084786
            ],
            [
              8626410.71460768,
              2156008.26836212
            ]
          ]
        ]
      },
      "properties": {
        "building_id": "B0009",
        "parcel_id": "P0011",
        "area": 284.89,
        "source_dataset": "Drone_Orthophoto_2024",
        "confidence_score": 0.92
      }
    },
    {
      "type": "Feature",
      "geometry": {
        "type": "Polygon",
        "coordinates": [
          [
            [
              8626452.153772132,
              2156010.228185336
            ],
            [
              8626467.09648143,
              2156010.228185336
            ],
            [
              8626467.09648143,
              2156022.392694718
            ],
            [
              8626452.153772132,
              2156022.392694718
            ],
            [
              8626452.153772132,
              2156010.228185336
            ]
          ]
        ]
      },
      "properties": {
        "building_id": "B0010",
        "parcel_id": "P0012",
        "area": 181.77,
        "source_dataset": "Drone_Orthophoto_2024",
        "confidence_score": 0.92
      }
    },
    {
      "type": "Feature",
      "geometry": {
        "type": "Polygon",
        "coordinates": [
          [
            [
              8626488.674322562,
              2156010.5669280873
            ],
            [
              8626506.80019465,
              2156010.5669280873
            ],
            [
              8626506.80019465,
              2156024.387638507
            ],
            [
              8626488.674322562,
              2156024.387638507
            ],
            [
              8626488.674322562,
              2156010.5669280873
            ]
          ]
        ]
      },
      "properties": {
        "building_id": "B0011",
        "parcel_id": "P0013",
        "area": 250.51,
        "source_dataset": "Drone_Orthophoto_2024",
        "confidence_score": 0.92
      }
    },
    {
      "type": "Feature",
      "geometry": {
        "type": "Polygon",
        "coordinates": [
          [
            [
              8626529.953246737,
              2156011.3291604742
            ],
            [
              8626551.366893344,
              2156011.3291604742
            ],
            [
              8626551.366893344,
              2156023.946900818
            ],
            [
              8626529.953246737,
              2156023.946900818
            ],
            [
              8626529.953246737,
              2156011.3291604742
            ]
          ]
        ]
      },
      "properties": {
        "building_id": "B0012",
        "parcel_id": "P0014",
        "area": 270.19,
        "source_dataset": "Drone_Orthophoto_2024",
        "confidence_score": 0.92
      }
    },
    {
      "type": "Feature",
      "geometry": {
        "type": "Polygon",
        "coordinates": [
          [
            [
              8626572.150397956,
              2156005.536990452
            ],
            [
              8626588.388321586,
              2156005.536990452
            ],
            [
              8626588.388321586,
              2156025.751466006
            ],
            [
              8626572.150397956,
              2156025.751466006
            ],
            [
              8626572.150397956,
              2156005.536990452
            ]
          ]
        ]
      },
      "properties": {
        "building_id": "B0013",
        "parcel_id": "P0015",
        "area": 328.24,
        "source_dataset": "Drone_Orthophoto_2024",
        "confidence_score": 0.92
      }
    },
    {
      "type": "Feature",
      "geometry": {
        "type": "Polygon",
        "coordinates": [
          [
            [
              8626611.975789389,
              2156010.095436566
            ],
            [
              8626626.218533427,
              2156010.095436566
            ],
            [
              8626626.218533427,
              2156026.302860744
            ],
            [
              8626611.975789389,
              2156026.302860744
            ],
            [
              8626611.975789389,
              2156010.095436566
            ]
          ]
        ]
      },
      "properties": {
        "building_id": "B0014",
        "parcel_id": "P0016",
        "area": 230.84,
        "source_dataset": "Drone_Orthophoto_2024",
        "confidence_score": 0.92
      }
    },
    {
      "type": "Feature",
      "geometry": {
        "type": "Polygon",
        "coordinates": [
          [
            [
              8626010.412295802,
              2156047.9664694313
            ],
            [
              8626025.2107075,
              2156047.9664694313
            ],
            [
              8626025.2107075,
              2156060.6204249305
            ],
            [
              8626010.412295802,
              2156060.6204249305
            ],
            [
              8626010.412295802,
              2156047.9664694313
            ]
          ]
        ]
      },
      "properties": {
        "building_id": "B0015",
        "parcel_id": "P0017",
        "area": 187.26,
        "source_dataset": "Drone_Orthophoto_2024",
        "confidence_score": 0.92
      }
    },
    {
      "type": "Feature",
      "geometry": {
        "type": "Polygon",
        "coordinates": [
          [
            [
              8626069.658163898,
              2156041.3941557156
            ],
            [
              8626082.613231935,
              2156041.3941557156
            ],
            [
              8626082.613231935,
              2156059.9754138654
            ],
            [
              8626069.658163898,
              2156059.9754138654
            ],
            [
              8626069.658163898,
              2156041.3941557156
            ]
          ]
        ]
      },
      "properties": {
        "building_id": "B0016",
        "parcel_id": "P0018",
        "area": 240.72,
        "source_dataset": "Drone_Orthophoto_2024",
        "confidence_score": 0.92
      }
    },
    {
      "type": "Feature",
      "geometry": {
        "type": "Polygon",
        "coordinates": [
          [
            [
              8626092.759307,
              2156044.1022264883
            ],
            [
              8626109.246976359,
              2156044.1022264883
            ],
            [
              8626109.246976359,
              2156056.6936267666
            ],
            [
              8626092.759307,
              2156056.6936267666
            ],
            [
              8626092.759307,
              2156044.1022264883
            ]
          ]
        ]
      },
      "properties": {
        "building_id": "B0017",
        "parcel_id": "P0019",
        "area": 207.6,
        "source_dataset": "Drone_Orthophoto_2024",
        "confidence_score": 0.92
      }
    },
    {
      "type": "Feature",
      "geometry": {
        "type": "Polygon",
        "coordinates": [
          [
            [
              8626132.423555054,
              2156042.248895384
            ],
            [
              8626149.31456125,
              2156042.248895384
            ],
            [
              8626149.31456125,
              2156063.023306921
            ],
            [
              8626132.423555054,
              2156063.023306921
            ],
            [
              8626132.423555054,
              2156042.248895384
            ]
          ]
        ]
      },
      "properties": {
        "building_id": "B0018",
        "parcel_id": "P0020",
        "area": 350.9,
        "source_dataset": "Drone_Orthophoto_2024",
        "confidence_score": 0.92
      }
    },
    {
      "type": "Feature",
      "geometry": {
        "type": "Polygon",
        "coordinates": [
          [
            [
              8626209.21337903,
              2156043.458544921
            ],
            [
              8626227.89947738,
              2156043.458544921
            ],
            [
              8626227.89947738,
              2156060.745467133
            ],
            [
              8626209.21337903,
              2156060.745467133
            ],
            [
              8626209.21337903,
              2156043.458544921
            ]
          ]
        ]
      },
      "properties": {
        "building_id": "B0019",
        "parcel_id": "P0022",
        "area": 323.03,
        "source_dataset": "Drone_Orthophoto_2024",
        "confidence_score": 0.92
      }
    },
    {
      "type": "Feature",
      "geometry": {
        "type": "Polygon",
        "coordinates": [
          [
            [
              8626291.047111426,
              2156042.9017735193
            ],
            [
              8626303.825847087,
              2156042.9017735193
            ],
            [
              8626303.825847087,
              2156058.474222437
            ],
            [
              8626291.047111426,
              2156058.474222437
            ],
            [
              8626291.047111426,
              2156042.9017735193
            ]
          ]
        ]
      },
      "properties": {
        "building_id": "B0020",
        "parcel_id": "P0024",
        "area": 199.0,
        "source_dataset": "Drone_Orthophoto_2024",
        "confidence_score": 0.92
      }
    },
    {
      "type": "Feature",
      "geometry": {
        "type": "Polygon",
        "coordinates": [
          [
            [
              8626329.64374361,
              2156040.5550491363
            ],
            [
              8626351.280681904,
              2156040.5550491363
            ],
            [
              8626351.280681904,
              2156059.8565100194
            ],
            [
              8626329.64374361,
              2156059.8565100194
            ],
            [
              8626329.64374361,
              2156040.5550491363
            ]
          ]
        ]
      },
      "properties": {
        "building_id": "B0021",
        "parcel_id": "P0025",
        "area": 417.62,
        "source_dataset": "Drone_Orthophoto_2024",
        "confidence_score": 0.92
      }
    },
    {
      "type": "Feature",
      "geometry": {
        "type": "Polygon",
        "coordinates": [
          [
            [
              8626411.487650024,
              2156046.5613277615
            ],
            [
              8626427.824286547,
              2156046.5613277615
            ],
            [
              8626427.824286547,
              2156061.2069378826
            ],
            [
              8626411.487650024,
              2156061.2069378826
            ],
            [
              8626411.487650024,
              2156046.5613277615
            ]
          ]
        ]
      },
      "properties": {
        "building_id": "B0022",
        "parcel_id": "P0027",
        "area": 239.26,
        "source_dataset": "Drone_Orthophoto_2024",
        "confidence_score": 0.92
      }
    },
    {
      "type": "Feature",
      "geometry": {
        "type": "Polygon",
        "coordinates": [
          [
            [
              8626489.083255766,
              2156043.027909076
            ],
            [
              8626507.155234978,
              2156043.027909076
            ],
            [
              8626507.155234978,
              2156058.330664878
            ],
            [
              8626489.083255766,
              2156058.330664878
            ],
            [
              8626489.083255766,
              2156043.027909076
            ]
          ]
        ]
      },
      "properties": {
        "building_id": "B0023",
        "parcel_id": "P0029",
        "area": 276.55,
        "source_dataset": "Drone_Orthophoto_2024",
        "confidence_score": 0.92
      }
    },
    {
      "type": "Feature",
      "geometry": {
        "type": "Polygon",
        "coordinates": [
          [
            [
              8626569.471697716,
              2156041.3937315205
            ],
            [
              8626586.38123788,
              2156041.3937315205
            ],
            [
              8626586.38123788,
              2156059.4949480994
            ],
            [
              8626569.471697716,
              2156059.4949480994
            ],
            [
              8626569.471697716,
              2156041.3937315205
            ]
          ]
        ]
      },
      "properties": {
        "building_id": "B0024",
        "parcel_id": "P0031",
        "area": 306.08,
        "source_dataset": "Drone_Orthophoto_2024",
        "confidence_score": 0.92
      }
    },
    {
      "type": "Feature",
      "geometry": {
        "type": "Polygon",
        "coordinates": [
          [
            [
              8626608.341618888,
              2156045.1834547324
            ],
            [
              8626627.979812015,
              2156045.1834547324
            ],
            [
              8626627.979812015,
              2156059.036111266
            ],
            [
              8626608.341618888,
              2156059.036111266
            ],
            [
              8626608.341618888,
              2156045.1834547324
            ]
          ]
        ]
      },
      "properties": {
        "building_id": "B0025",
        "parcel_id": "P0032",
        "area": 272.04,
        "source_dataset": "Drone_Orthophoto_2024",
        "confidence_score": 0.92
      }
    },
    {
      "type": "Feature",
      "geometry": {
        "type": "Polygon",
        "coordinates": [
          [
            [
              8626048.549464906,
              2156077.574009637
            ],
            [
              8626070.595219595,
              2156077.574009637
            ],
            [
              8626070.595219595,
              2156092.3832461727
            ],
            [
              8626048.549464906,
              2156092.3832461727
            ],
            [
              8626048.549464906,
              2156077.574009637
            ]
          ]
        ]
      },
      "properties": {
        "building_id": "B0026",
        "parcel_id": "P0034",
        "area": 326.48,
        "source_dataset": "Drone_Orthophoto_2024",
        "confidence_score": 0.92
      }
    },
    {
      "type": "Feature",
      "geometry": {
        "type": "Polygon",
        "coordinates": [
          [
            [
              8626132.078634745,
              2156080.872943309
            ],
            [
              8626147.131150544,
              2156080.872943309
            ],
            [
              8626147.131150544,
              2156093.863335046
            ],
            [
              8626132.078634745,
              2156093.863335046
            ],
            [
              8626132.078634745,
              2156080.872943309
            ]
          ]
        ]
      },
      "properties": {
        "building_id": "B0027",
        "parcel_id": "P0036",
        "area": 195.54,
        "source_dataset": "Drone_Orthophoto_2024",
        "confidence_score": 0.92
      }
    },
    {
      "type": "Feature",
      "geometry": {
        "type": "Polygon",
        "coordinates": [
          [
            [
              8626169.287985899,
              2156079.0587093094
            ],
            [
              8626187.126648292,
              2156079.0587093094
            ],
            [
              8626187.126648292,
              2156090.329211607
            ],
            [
              8626169.287985899,
              2156090.329211607
            ],
            [
              8626169.287985899,
              2156079.0587093094
            ]
          ]
        ]
      },
      "properties": {
        "building_id": "B0028",
        "parcel_id": "P0037",
        "area": 201.05,
        "source_dataset": "Drone_Orthophoto_2024",
        "confidence_score": 0.92
      }
    },
    {
      "type": "Feature",
      "geometry": {
        "type": "Polygon",
        "coordinates": [
          [
            [
              8626248.297251983,
              2156078.87307684
            ],
            [
              8626269.331712138,
              2156078.87307684
            ],
            [
              8626269.331712138,
              2156096.726564045
            ],
            [
              8626248.297251983,
              2156096.726564045
            ],
            [
              8626248.297251983,
              2156078.87307684
            ]
          ]
        ]
      },
      "properties": {
        "building_id": "B0029",
        "parcel_id": "P0039",
        "area": 375.54,
        "source_dataset": "Drone_Orthophoto_2024",
        "confidence_score": 0.92
      }
    },
    {
      "type": "Feature",
      "geometry": {
        "type": "Polygon",
        "coordinates": [
          [
            [
              8626292.85230696,
              2156081.9911625045
            ],
            [
              8626308.708767781,
              2156081.9911625045
            ],
            [
              8626308.708767781,
              2156097.296186491
            ],
            [
              8626292.85230696,
              2156097.296186491
            ],
            [
              8626292.85230696,
              2156081.9911625045
            ]
          ]
        ]
      },
      "properties": {
        "building_id": "B0030",
        "parcel_id": "P0040",
        "area": 242.68,
        "source_dataset": "Drone_Orthophoto_2024",
        "confidence_score": 0.92
      }
    },
    {
      "type": "Feature",
      "geometry": {
        "type": "Polygon",
        "coordinates": [
          [
            [
              8626330.953077085,
              2156078.85065646
            ],
            [
              8626344.416466992,
              2156078.85065646
            ],
            [
              8626344.416466992,
              2156099.8936881465
            ],
            [
              8626330.953077085,
              2156099.8936881465
            ],
            [
              8626330.953077085,
              2156078.85065646
            ]
          ]
        ]
      },
      "properties": {
        "building_id": "B0031",
        "parcel_id": "P0041",
        "area": 283.31,
        "source_dataset": "Drone_Orthophoto_2024",
        "confidence_score": 0.92
      }
    },
    {
      "type": "Feature",
      "geometry": {
        "type": "Polygon",
        "coordinates": [
          [
            [
              8626491.237697592,
              2156077.8076068033
            ],
            [
              8626506.225091254,
              2156077.8076068033
            ],
            [
              8626506.225091254,
              2156093.2043472556
            ],
            [
              8626491.237697592,
              2156093.2043472556
            ],
            [
              8626491.237697592,
              2156077.8076068033
            ]
          ]
        ]
      },
      "properties": {
        "building_id": "B0032",
        "parcel_id": "P0045",
        "area": 230.76,
        "source_dataset": "Drone_Orthophoto_2024",
        "confidence_score": 0.92
      }
    },
    {
      "type": "Feature",
      "geometry": {
        "type": "Polygon",
        "coordinates": [
          [
            [
              8626091.426911084,
              2156113.12248003
            ],
            [
              8626104.373340521,
              2156113.12248003
            ],
            [
              8626104.373340521,
              2156126.306215065
            ],
            [
              8626091.426911084,
              2156126.306215065
            ],
            [
              8626091.426911084,
              2156113.12248003
            ]
          ]
        ]
      },
      "properties": {
        "building_id": "B0033",
        "parcel_id": "P0051",
        "area": 170.68,
        "source_dataset": "Drone_Orthophoto_2024",
        "confidence_score": 0.92
      }
    },
    {
      "type": "Feature",
      "geometry": {
        "type": "Polygon",
        "coordinates": [
          [
            [
              8626131.835619431,
              2156113.936513036
            ],
            [
              8626144.882863691,
              2156113.936513036
            ],
            [
              8626144.882863691,
              2156128.15941679
            ],
            [
              8626131.835619431,
              2156128.15941679
            ],
            [
              8626131.835619431,
              2156113.936513036
            ]
          ]
        ]
      },
      "properties": {
        "building_id": "B0034",
        "parcel_id": "P0052",
        "area": 185.57,
        "source_dataset": "Drone_Orthophoto_2024",
        "confidence_score": 0.92
      }
    },
    {
      "type": "Feature",
      "geometry": {
        "type": "Polygon",
        "coordinates": [
          [
            [
              8626211.082896002,
              2156115.872553799
            ],
            [
              8626226.754010303,
              2156115.872553799
            ],
            [
              8626226.754010303,
              2156128.8925619153
            ],
            [
              8626211.082896002,
              2156128.8925619153
            ],
            [
              8626211.082896002,
              2156115.872553799
            ]
          ]
        ]
      },
      "properties": {
        "building_id": "B0035",
        "parcel_id": "P0054",
        "area": 204.04,
        "source_dataset": "Drone_Orthophoto_2024",
        "confidence_score": 0.92
      }
    },
    {
      "type": "Feature",
      "geometry": {
        "type": "Polygon",
        "coordinates": [
          [
            [
              8626248.054392006,
              2156111.35871965
            ],
            [
              8626269.812651394,
              2156111.35871965
            ],
            [
              8626269.812651394,
              2156130.0297680874
            ],
            [
              8626248.054392006,
              2156130.0297680874
            ],
            [
              8626248.054392006,
              2156111.35871965
            ]
          ]
        ]
      },
      "properties": {
        "building_id": "B0036",
        "parcel_id": "P0055",
        "area": 406.25,
        "source_dataset": "Drone_Orthophoto_2024",
        "confidence_score": 0.92
      }
    },
    {
      "type": "Feature",
      "geometry": {
        "type": "Polygon",
        "coordinates": [
          [
            [
              8626333.340790749,
              2156115.5767554487
            ],
            [
              8626346.888052354,
              2156115.5767554487
            ],
            [
              8626346.888052354,
              2156130.6049726047
            ],
            [
              8626333.340790749,
              2156130.6049726047
            ],
            [
              8626333.340790749,
              2156115.5767554487
            ]
          ]
        ]
      },
      "properties": {
        "building_id": "B0037",
        "parcel_id": "P0057",
        "area": 203.59,
        "source_dataset": "Drone_Orthophoto_2024",
        "confidence_score": 0.92
      }
    },
    {
      "type": "Feature",
      "geometry": {
        "type": "Polygon",
        "coordinates": [
          [
            [
              8626408.921625046,
              2156112.6051273444
            ],
            [
              8626427.899025116,
              2156112.6051273444
            ],
            [
              8626427.899025116,
              2156132.9143807404
            ],
            [
              8626408.921625046,
              2156132.9143807404
            ],
            [
              8626408.921625046,
              2156112.6051273444
            ]
          ]
        ]
      },
      "properties": {
        "building_id": "B0038",
        "parcel_id": "P0059",
        "area": 385.42,
        "source_dataset": "Drone_Orthophoto_2024",
        "confidence_score": 0.92
      }
    },
    {
      "type": "Feature",
      "geometry": {
        "type": "Polygon",
        "coordinates": [
          [
            [
              8626489.661881506,
              2156115.2413493427
            ],
            [
              8626504.119185103,
              2156115.2413493427
            ],
            [
              8626504.119185103,
              2156128.038815044
            ],
            [
              8626489.661881506,
              2156128.038815044
            ],
            [
              8626489.661881506,
              2156115.2413493427
            ]
          ]
        ]
      },
      "properties": {
        "building_id": "B0039",
        "parcel_id": "P0061",
        "area": 185.02,
        "source_dataset": "Drone_Orthophoto_2024",
        "confidence_score": 0.92
      }
    },
    {
      "type": "Feature",
      "geometry": {
        "type": "Polygon",
        "coordinates": [
          [
            [
              8626572.120390033,
              2156113.4056612845
            ],
            [
              8626587.564052163,
              2156113.4056612845
            ],
            [
              8626587.564052163,
              2156126.5243209363
            ],
            [
              8626572.120390033,
              2156126.5243209363
            ],
            [
              8626572.120390033,
              2156113.4056612845
            ]
          ]
        ]
      },
      "properties": {
        "building_id": "B0040",
        "parcel_id": "P0063",
        "area": 202.6,
        "source_dataset": "Drone_Orthophoto_2024",
        "confidence_score": 0.92
      }
    },
    {
      "type": "Feature",
      "geometry": {
        "type": "Polygon",
        "coordinates": [
          [
            [
              8626089.585272249,
              2156149.5951699084
            ],
            [
              8626103.38904793,
              2156149.5951699084
            ],
            [
              8626103.38904793,
              2156169.915547139
            ],
            [
              8626089.585272249,
              2156169.915547139
            ],
            [
              8626089.585272249,
              2156149.5951699084
            ]
          ]
        ]
      },
      "properties": {
        "building_id": "B0041",
        "parcel_id": "P0067",
        "area": 280.5,
        "source_dataset": "Drone_Orthophoto_2024",
        "confidence_score": 0.92
      }
    },
    {
      "type": "Feature",
      "geometry": {
        "type": "Polygon",
        "coordinates": [
          [
            [
              8626126.132169576,
              2156150.033565533
            ],
            [
              8626147.056593088,
              2156150.033565533
            ],
            [
              8626147.056593088,
              2156165.9581932
            ],
            [
              8626126.132169576,
              2156165.9581932
            ],
            [
              8626126.132169576,
              2156150.033565533
            ]
          ]
        ]
      },
      "properties": {
        "building_id": "B0042",
        "parcel_id": "P0068",
        "area": 333.21,
        "source_dataset": "Drone_Orthophoto_2024",
        "confidence_score": 0.92
      }
    },
    {
      "type": "Feature",
      "geometry": {
        "type": "Polygon",
        "coordinates": [
          [
            [
              8626168.763209462,
              2156149.0670912685
            ],
            [
              8626191.282863677,
              2156149.0670912685
            ],
            [
              8626191.282863677,
              2156160.5353447003
            ],
            [
              8626168.763209462,
              2156160.5353447003
            ],
            [
              8626168.763209462,
              2156149.0670912685
            ]
          ]
        ]
      },
      "properties": {
        "building_id": "B0043",
        "parcel_id": "P0069",
        "area": 258.26,
        "source_dataset": "Drone_Orthophoto_2024",
        "confidence_score": 0.92
      }
    },
    {
      "type": "Feature",
      "geometry": {
        "type": "Polygon",
        "coordinates": [
          [
            [
              8626209.75240871,
              2156146.498381849
            ],
            [
              8626224.467952274,
              2156146.498381849
            ],
            [
              8626224.467952274,
              2156165.6873447783
            ],
            [
              8626209.75240871,
              2156165.6873447783
            ],
            [
              8626209.75240871,
              2156146.498381849
            ]
          ]
        ]
      },
      "properties": {
        "building_id": "B0044",
        "parcel_id": "P0070",
        "area": 282.38,
        "source_dataset": "Drone_Orthophoto_2024",
        "confidence_score": 0.92
      }
    },
    {
      "type": "Feature",
      "geometry": {
        "type": "Polygon",
        "coordinates": [
          [
            [
              8626289.105325818,
              2156148.426228005
            ],
            [
              8626308.429789247,
              2156148.426228005
            ],
            [
              8626308.429789247,
              2156168.0110194534
            ],
            [
              8626289.105325818,
              2156168.0110194534
            ],
            [
              8626289.105325818,
              2156148.426228005
            ]
          ]
        ]
      },
      "properties": {
        "building_id": "B0045",
        "parcel_id": "P0072",
        "area": 378.47,
        "source_dataset": "Drone_Orthophoto_2024",
        "confidence_score": 0.92
      }
    },
    {
      "type": "Feature",
      "geometry": {
        "type": "Polygon",
        "coordinates": [
          [
            [
              8626371.557850325,
              2156147.378791874
            ],
            [
              8626386.998397274,
              2156147.378791874
            ],
            [
              8626386.998397274,
              2156161.8770052386
            ],
            [
              8626371.557850325,
              2156161.8770052386
            ],
            [
              8626371.557850325,
              2156147.378791874
            ]
          ]
        ]
      },
      "properties": {
        "building_id": "B0046",
        "parcel_id": "P0074",
        "area": 223.86,
        "source_dataset": "Drone_Orthophoto_2024",
        "confidence_score": 0.92
      }
    },
    {
      "type": "Feature",
      "geometry": {
        "type": "Polygon",
        "coordinates": [
          [
            [
              8626528.66655658,
              2156149.644146564
            ],
            [
              8626547.61048926,
              2156149.644146564
            ],
            [
              8626547.61048926,
              2156165.5132669103
            ],
            [
              8626528.66655658,
              2156165.5132669103
            ],
            [
              8626528.66655658,
              2156149.644146564
            ]
          ]
        ]
      },
      "properties": {
        "building_id": "B0047",
        "parcel_id": "P0078",
        "area": 300.62,
        "source_dataset": "Drone_Orthophoto_2024",
        "confidence_score": 0.92
      }
    },
    {
      "type": "Feature",
      "geometry": {
        "type": "Polygon",
        "coordinates": [
          [
            [
              8626569.104203552,
              2156145.4817515723
            ],
            [
              8626587.361792888,
              2156145.4817515723
            ],
            [
              8626587.361792888,
              2156161.6749286912
            ],
            [
              8626569.104203552,
              2156161.6749286912
            ],
            [
              8626569.104203552,
              2156145.4817515723
            ]
          ]
        ]
      },
      "properties": {
        "building_id": "B0048",
        "parcel_id": "P0079",
        "area": 295.65,
        "source_dataset": "Drone_Orthophoto_2024",
        "confidence_score": 0.92
      }
    },
    {
      "type": "Feature",
      "geometry": {
        "type": "Polygon",
        "coordinates": [
          [
            [
              8626609.36164104,
              2156147.6677410267
            ],
            [
              8626625.9185104,
              2156147.6677410267
            ],
            [
              8626625.9185104,
              2156166.759718257
            ],
            [
              8626609.36164104,
              2156166.759718257
            ],
            [
              8626609.36164104,
              2156147.6677410267
            ]
          ]
        ]
      },
      "properties": {
        "building_id": "B0049",
        "parcel_id": "P0080",
        "area": 316.1,
        "source_dataset": "Drone_Orthophoto_2024",
        "confidence_score": 0.92
      }
    },
    {
      "type": "Feature",
      "geometry": {
        "type": "Polygon",
        "coordinates": [
          [
            [
              8626007.764630252,
              2156184.72228061
            ],
            [
              8626027.297001913,
              2156184.72228061
            ],
            [
              8626027.297001913,
              2156202.630216691
            ],
            [
              8626007.764630252,
              2156202.630216691
            ],
            [
              8626007.764630252,
              2156184.72228061
            ]
          ]
        ]
      },
      "properties": {
        "building_id": "B0050",
        "parcel_id": "P0081",
        "area": 349.78,
        "source_dataset": "Drone_Orthophoto_2024",
        "confidence_score": 0.92
      }
    },
    {
      "type": "Feature",
      "geometry": {
        "type": "Polygon",
        "coordinates": [
          [
            [
              8626089.646514326,
              2156183.1404479155
            ],
            [
              8626112.025507545,
              2156183.1404479155
            ],
            [
              8626112.025507545,
              2156201.0029146783
            ],
            [
              8626089.646514326,
              2156201.0029146783
            ],
            [
              8626089.646514326,
              2156183.1404479155
            ]
          ]
        ]
      },
      "properties": {
        "building_id": "B0051",
        "parcel_id": "P0083",
        "area": 399.74,
        "source_dataset": "Drone_Orthophoto_2024",
        "confidence_score": 0.92
      }
    },
    {
      "type": "Feature",
      "geometry": {
        "type": "Polygon",
        "coordinates": [
          [
            [
              8626126.822662659,
              2156183.31233513
            ],
            [
              8626148.826040749,
              2156183.31233513
            ],
            [
              8626148.826040749,
              2156194.3836290604
            ],
            [
              8626126.822662659,
              2156194.3836290604
            ],
            [
              8626126.822662659,
              2156183.31233513
            ]
          ]
        ]
      },
      "properties": {
        "building_id": "B0052",
        "parcel_id": "P0084",
        "area": 243.61,
        "source_dataset": "Drone_Orthophoto_2024",
        "confidence_score": 0.92
      }
    },
    {
      "type": "Feature",
      "geometry": {
        "type": "Polygon",
        "coordinates": [
          [
            [
              8626207.147675714,
              2156185.3270949144
            ],
            [
              8626224.892741505,
              2156185.3270949144
            ],
            [
              8626224.892741505,
              2156197.1893804716
            ],
            [
              8626207.147675714,
              2156197.1893804716
            ],
            [
              8626207.147675714,
              2156185.3270949144
            ]
          ]
        ]
      },
      "properties": {
        "building_id": "B0053",
        "parcel_id": "P0086",
        "area": 210.5,
        "source_dataset": "Drone_Orthophoto_2024",
        "confidence_score": 0.92
      }
    },
    {
      "type": "Feature",
      "geometry": {
        "type": "Polygon",
        "coordinates": [
          [
            [
              8626253.814809626,
              2156184.9282180755
            ],
            [
              8626268.621308653,
              2156184.9282180755
            ],
            [
              8626268.621308653,
              2156200.6041547437
            ],
            [
              8626253.814809626,
              2156200.6041547437
            ],
            [
              8626253.814809626,
              2156184.9282180755
            ]
          ]
        ]
      },
      "properties": {
        "building_id": "B0054",
        "parcel_id": "P0087",
        "area": 232.11,
        "source_dataset": "Drone_Orthophoto_2024",
        "confidence_score": 0.92
      }
    },
    {
      "type": "Feature",
      "geometry": {
        "type": "Polygon",
        "coordinates": [
          [
            [
              8626287.824579524,
              2156181.3568722215
            ],
            [
              8626311.707738876,
              2156181.3568722215
            ],
            [
              8626311.707738876,
              2156196.2670390257
            ],
            [
              8626287.824579524,
              2156196.2670390257
            ],
            [
              8626287.824579524,
              2156181.3568722215
            ]
          ]
        ]
      },
      "properties": {
        "building_id": "B0055",
        "parcel_id": "P0088",
        "area": 356.1,
        "source_dataset": "Drone_Orthophoto_2024",
        "confidence_score": 0.92
      }
    },
    {
      "type": "Feature",
      "geometry": {
        "type": "Polygon",
        "coordinates": [
          [
            [
              8626331.77254437,
              2156184.3980767312
            ],
            [
              8626348.16070391,
              2156184.3980767312
            ],
            [
              8626348.16070391,
              2156201.1284033814
            ],
            [
              8626331.77254437,
              2156201.1284033814
            ],
            [
              8626331.77254437,
              2156184.3980767312
            ]
          ]
        ]
      },
      "properties": {
        "building_id": "B0056",
        "parcel_id": "P0089",
        "area": 274.18,
        "source_dataset": "Drone_Orthophoto_2024",
        "confidence_score": 0.92
      }
    },
    {
      "type": "Feature",
      "geometry": {
        "type": "Polygon",
        "coordinates": [
          [
            [
              8626370.40251965,
              2156183.603114881
            ],
            [
              8626383.66859371,
              2156183.603114881
            ],
            [
              8626383.66859371,
              2156203.73550626
            ],
            [
              8626370.40251965,
              2156203.73550626
            ],
            [
              8626370.40251965,
              2156183.603114881
            ]
          ]
        ]
      },
      "properties": {
        "building_id": "B0057",
        "parcel_id": "P0090",
        "area": 267.08,
        "source_dataset": "Drone_Orthophoto_2024",
        "confidence_score": 0.92
      }
    },
    {
      "type": "Feature",
      "geometry": {
        "type": "Polygon",
        "coordinates": [
          [
            [
              8626408.711229054,
              2156183.9521158813
            ],
            [
              8626428.644545382,
              2156183.9521158813
            ],
            [
              8626428.644545382,
              2156195.3451208267
            ],
            [
              8626408.711229054,
              2156195.3451208267
            ],
            [
              8626408.711229054,
              2156183.9521158813
            ]
          ]
        ]
      },
      "properties": {
        "building_id": "B0058",
        "parcel_id": "P0091",
        "area": 227.1,
        "source_dataset": "Drone_Orthophoto_2024",
        "confidence_score": 0.92
      }
    },
    {
      "type": "Feature",
      "geometry": {
        "type": "Polygon",
        "coordinates": [
          [
            [
              8626448.039272724,
              2156182.4364976864
            ],
            [
              8626466.727166208,
              2156182.4364976864
            ],
            [
              8626466.727166208,
              2156199.1424808186
            ],
            [
              8626448.039272724,
              2156199.1424808186
            ],
            [
              8626448.039272724,
              2156182.4364976864
            ]
          ]
        ]
      },
      "properties": {
        "building_id": "B0059",
        "parcel_id": "P0092",
        "area": 312.2,
        "source_dataset": "Drone_Orthophoto_2024",
        "confidence_score": 0.92
      }
    },
    {
      "type": "Feature",
      "geometry": {
        "type": "Polygon",
        "coordinates": [
          [
            [
              8626491.433154847,
              2156184.353199289
            ],
            [
              8626507.514619818,
              2156184.353199289
            ],
            [
              8626507.514619818,
              2156197.1710954164
            ],
            [
              8626491.433154847,
              2156197.1710954164
            ],
            [
              8626491.433154847,
              2156184.353199289
            ]
          ]
        ]
      },
      "properties": {
        "building_id": "B0060",
        "parcel_id": "P0093",
        "area": 206.13,
        "source_dataset": "Drone_Orthophoto_2024",
        "confidence_score": 0.92
      }
    },
    {
      "type": "Feature",
      "geometry": {
        "type": "Polygon",
        "coordinates": [
          [
            [
              8626528.729864841,
              2156184.0686773784
            ],
            [
              8626548.380335351,
              2156184.0686773784
            ],
            [
              8626548.380335351,
              2156198.17080478
            ],
            [
              8626528.729864841,
              2156198.17080478
            ],
            [
              8626528.729864841,
              2156184.0686773784
            ]
          ]
        ]
      },
      "properties": {
        "building_id": "B0061",
        "parcel_id": "P0094",
        "area": 277.11,
        "source_dataset": "Drone_Orthophoto_2024",
        "confidence_score": 0.92
      }
    },
    {
      "type": "Feature",
      "geometry": {
        "type": "Polygon",
        "coordinates": [
          [
            [
              8626569.50613233,
              2156183.8148372895
            ],
            [
              8626589.22068009,
              2156183.8148372895
            ],
            [
              8626589.22068009,
              2156199.4707480464
            ],
            [
              8626569.50613233,
              2156199.4707480464
            ],
            [
              8626569.50613233,
              2156183.8148372895
            ]
          ]
        ]
      },
      "properties": {
        "building_id": "B0062",
        "parcel_id": "P0095",
        "area": 308.65,
        "source_dataset": "Drone_Orthophoto_2024",
        "confidence_score": 0.92
      }
    },
    {
      "type": "Feature",
      "geometry": {
        "type": "Polygon",
        "coordinates": [
          [
            [
              8626608.413771216,
              2156183.5868168226
            ],
            [
              8626627.561014181,
              2156183.5868168226
            ],
            [
              8626627.561014181,
              2156198.7200801927
            ],
            [
              8626608.413771216,
              2156198.7200801927
            ],
            [
              8626608.413771216,
              2156183.5868168226
            ]
          ]
        ]
      },
      "properties": {
        "building_id": "B0063",
        "parcel_id": "P0096",
        "area": 289.76,
        "source_dataset": "Drone_Orthophoto_2024",
        "confidence_score": 0.92
      }
    },
    {
      "type": "Feature",
      "geometry": {
        "type": "Polygon",
        "coordinates": [
          [
            [
              8626090.44707623,
              2156218.730944626
            ],
            [
              8626111.757947752,
              2156218.730944626
            ],
            [
              8626111.757947752,
              2156235.5321203177
            ],
            [
              8626090.44707623,
              2156235.5321203177
            ],
            [
              8626090.44707623,
              2156218.730944626
            ]
          ]
        ]
      },
      "properties": {
        "building_id": "B0064",
        "parcel_id": "P0099",
        "area": 358.05,
        "source_dataset": "Drone_Orthophoto_2024",
        "confidence_score": 0.92
      }
    },
    {
      "type": "Feature",
      "geometry": {
        "type": "Polygon",
        "coordinates": [
          [
            [
              8626127.707682263,
              2156218.0840239064
            ],
            [
              8626144.111486461,
              2156218.0840239064
            ],
            [
              8626144.111486461,
              2156233.8223415827
            ],
            [
              8626127.707682263,
              2156233.8223415827
            ],
            [
              8626127.707682263,
              2156218.0840239064
            ]
          ]
        ]
      },
      "properties": {
        "building_id": "B0065",
        "parcel_id": "P0100",
        "area": 258.17,
        "source_dataset": "Drone_Orthophoto_2024",
        "confidence_score": 0.92
      }
    },
    {
      "type": "Feature",
      "geometry": {
        "type": "Polygon",
        "coordinates": [
          [
            [
              8626213.18974184,
              2156216.6187583567
            ],
            [
              8626229.546105353,
              2156216.6187583567
            ],
            [
              8626229.546105353,
              2156230.290727456
            ],
            [
              8626213.18974184,
              2156230.290727456
            ],
            [
              8626213.18974184,
              2156216.6187583567
            ]
          ]
        ]
      },
      "properties": {
        "building_id": "B0066",
        "parcel_id": "P0102",
        "area": 223.62,
        "source_dataset": "Drone_Orthophoto_2024",
        "confidence_score": 0.92
      }
    },
    {
      "type": "Feature",
      "geometry": {
        "type": "Polygon",
        "coordinates": [
          [
            [
              8626249.80331618,
              2156217.5523182913
            ],
            [
              8626269.863602864,
              2156217.5523182913
            ],
            [
              8626269.863602864,
              2156235.1569682863
            ],
            [
              8626249.80331618,
              2156235.1569682863
            ],
            [
              8626249.80331618,
              2156217.5523182913
            ]
          ]
        ]
      },
      "properties": {
        "building_id": "B0067",
        "parcel_id": "P0103",
        "area": 353.15,
        "source_dataset": "Drone_Orthophoto_2024",
        "confidence_score": 0.92
      }
    },
    {
      "type": "Feature",
      "geometry": {
        "type": "Polygon",
        "coordinates": [
          [
            [
              8626329.100903932,
              2156222.0482238764
            ],
            [
              8626350.437126763,
              2156222.0482238764
            ],
            [
              8626350.437126763,
              2156235.274096248
            ],
            [
              8626329.100903932,
              2156235.274096248
            ],
            [
              8626329.100903932,
              2156222.0482238764
            ]
          ]
        ]
      },
      "properties": {
        "building_id": "B0068",
        "parcel_id": "P0105",
        "area": 282.19,
        "source_dataset": "Drone_Orthophoto_2024",
        "confidence_score": 0.92
      }
    },
    {
      "type": "Feature",
      "geometry": {
        "type": "Polygon",
        "coordinates": [
          [
            [
              8626372.804519895,
              2156217.6430196636
            ],
            [
              8626387.739066046,
              2156217.6430196636
            ],
            [
              8626387.739066046,
              2156236.850362056
            ],
            [
              8626372.804519895,
              2156236.850362056
            ],
            [
              8626372.804519895,
              2156217.6430196636
            ]
          ]
        ]
      },
      "properties": {
        "building_id": "B0069",
        "parcel_id": "P0106",
        "area": 286.85,
        "source_dataset": "Drone_Orthophoto_2024",
        "confidence_score": 0.92
      }
    },
    {
      "type": "Feature",
      "geometry": {
        "type": "Polygon",
        "coordinates": [
          [
            [
              8626412.00913157,
              2156215.9318188783
            ],
            [
              8626428.089258617,
              2156215.9318188783
            ],
            [
              8626428.089258617,
              2156233.857646117
            ],
            [
              8626412.00913157,
              2156233.857646117
            ],
            [
              8626412.00913157,
              2156215.9318188783
            ]
          ]
        ]
      },
      "properties": {
        "building_id": "B0070",
        "parcel_id": "P0107",
        "area": 288.25,
        "source_dataset": "Drone_Orthophoto_2024",
        "confidence_score": 0.92
      }
    },
    {
      "type": "Feature",
      "geometry": {
        "type": "Polygon",
        "coordinates": [
          [
            [
              8626532.090516401,
              2156218.462672992
            ],
            [
              8626548.776768629,
              2156218.462672992
            ],
            [
              8626548.776768629,
              2156234.3945958335
            ],
            [
              8626532.090516401,
              2156234.3945958335
            ],
            [
              8626532.090516401,
              2156218.462672992
            ]
          ]
        ]
      },
      "properties": {
        "building_id": "B0071",
        "parcel_id": "P0110",
        "area": 265.84,
        "source_dataset": "Drone_Orthophoto_2024",
        "confidence_score": 0.92
      }
    },
    {
      "type": "Feature",
      "geometry": {
        "type": "Polygon",
        "coordinates": [
          [
            [
              8626567.72849053,
              2156216.535882086
            ],
            [
              8626585.662318284,
              2156216.535882086
            ],
            [
              8626585.662318284,
              2156236.3018225534
            ],
            [
              8626567.72849053,
              2156236.3018225534
            ],
            [
              8626567.72849053,
              2156216.535882086
            ]
          ]
        ]
      },
      "properties": {
        "building_id": "B0072",
        "parcel_id": "P0111",
        "area": 354.48,
        "source_dataset": "Drone_Orthophoto_2024",
        "confidence_score": 0.92
      }
    },
    {
      "type": "Feature",
      "geometry": {
        "type": "Polygon",
        "coordinates": [
          [
            [
              8626608.037917571,
              2156217.6124730688
            ],
            [
              8626630.32867608,
              2156217.6124730688
            ],
            [
              8626630.32867608,
              2156233.236964478
            ],
            [
              8626608.037917571,
              2156233.236964478
            ],
            [
              8626608.037917571,
              2156217.6124730688
            ]
          ]
        ]
      },
      "properties": {
        "building_id": "B0073",
        "parcel_id": "P0112",
        "area": 348.28,
        "source_dataset": "Drone_Orthophoto_2024",
        "confidence_score": 0.92
      }
    },
    {
      "type": "Feature",
      "geometry": {
        "type": "Polygon",
        "coordinates": [
          [
            [
              8626012.205829188,
              2156253.3778466512
            ],
            [
              8626026.133958012,
              2156253.3778466512
            ],
            [
              8626026.133958012,
              2156270.4883200717
            ],
            [
              8626012.205829188,
              2156270.4883200717
            ],
            [
              8626012.205829188,
              2156253.3778466512
            ]
          ]
        ]
      },
      "properties": {
        "building_id": "B0074",
        "parcel_id": "P0113",
        "area": 238.32,
        "source_dataset": "Drone_Orthophoto_2024",
        "confidence_score": 0.92
      }
    },
    {
      "type": "Feature",
      "geometry": {
        "type": "Polygon",
        "coordinates": [
          [
            [
              8626051.800687263,
              2156254.675092305
            ],
            [
              8626065.348634558,
              2156254.675092305
            ],
            [
              8626065.348634558,
              2156273.6706111343
            ],
            [
              8626051.800687263,
              2156273.6706111343
            ],
            [
              8626051.800687263,
              2156254.675092305
            ]
          ]
        ]
      },
      "properties": {
        "building_id": "B0075",
        "parcel_id": "P0114",
        "area": 257.35,
        "source_dataset": "Drone_Orthophoto_2024",
        "confidence_score": 0.92
      }
    },
    {
      "type": "Feature",
      "geometry": {
        "type": "Polygon",
        "coordinates": [
          [
            [
              8626092.908254728,
              2156256.1165888943
            ],
            [
              8626108.584281689,
              2156256.1165888943
            ],
            [
              8626108.584281689,
              2156269.3205887154
            ],
            [
              8626092.908254728,
              2156269.3205887154
            ],
            [
              8626092.908254728,
              2156256.1165888943
            ]
          ]
        ]
      },
      "properties": {
        "building_id": "B0076",
        "parcel_id": "P0115",
        "area": 206.99,
        "source_dataset": "Drone_Orthophoto_2024",
        "confidence_score": 0.92
      }
    },
    {
      "type": "Feature",
      "geometry": {
        "type": "Polygon",
        "coordinates": [
          [
            [
              8626130.13298277,
              2156253.610572498
            ],
            [
              8626149.625404391,
              2156253.610572498
            ],
            [
              8626149.625404391,
              2156267.4319531033
            ],
            [
              8626130.13298277,
              2156267.4319531033
            ],
            [
              8626130.13298277,
              2156253.610572498
            ]
          ]
        ]
      },
      "properties": {
        "building_id": "B0077",
        "parcel_id": "P0116",
        "area": 269.41,
        "source_dataset": "Drone_Orthophoto_2024",
        "confidence_score": 0.92
      }
    },
    {
      "type": "Feature",
      "geometry": {
        "type": "Polygon",
        "coordinates": [
          [
            [
              8626170.845099343,
              2156252.90346496
            ],
            [
              8626188.393181313,
              2156252.90346496
            ],
            [
              8626188.393181313,
              2156270.7697713063
            ],
            [
              8626170.845099343,
              2156270.7697713063
            ],
            [
              8626170.845099343,
              2156252.90346496
            ]
          ]
        ]
      },
      "properties": {
        "building_id": "B0078",
        "parcel_id": "P0117",
        "area": 313.52,
        "source_dataset": "Drone_Orthophoto_2024",
        "confidence_score": 0.92
      }
    },
    {
      "type": "Feature",
      "geometry": {
        "type": "Polygon",
        "coordinates": [
          [
            [
              8626210.75622245,
              2156253.8176045213
            ],
            [
              8626227.126524283,
              2156253.8176045213
            ],
            [
              8626227.126524283,
              2156271.613765866
            ],
            [
              8626210.75622245,
              2156271.613765866
            ],
            [
              8626210.75622245,
              2156253.8176045213
            ]
          ]
        ]
      },
      "properties": {
        "building_id": "B0079",
        "parcel_id": "P0118",
        "area": 291.33,
        "source_dataset": "Drone_Orthophoto_2024",
        "confidence_score": 0.92
      }
    },
    {
      "type": "Feature",
      "geometry": {
        "type": "Polygon",
        "coordinates": [
          [
            [
              8626250.780390581,
              2156252.7643291675
            ],
            [
              8626268.131762845,
              2156252.7643291675
            ],
            [
              8626268.131762845,
              2156272.2823514948
            ],
            [
              8626250.780390581,
              2156272.2823514948
            ],
            [
              8626250.780390581,
              2156252.7643291675
            ]
          ]
        ]
      },
      "properties": {
        "building_id": "B0080",
        "parcel_id": "P0119",
        "area": 338.66,
        "source_dataset": "Drone_Orthophoto_2024",
        "confidence_score": 0.92
      }
    },
    {
      "type": "Feature",
      "geometry": {
        "type": "Polygon",
        "coordinates": [
          [
            [
              8626408.19121977,
              2156253.9704696434
            ],
            [
              8626426.502135716,
              2156253.9704696434
            ],
            [
              8626426.502135716,
              2156274.2442148644
            ],
            [
              8626408.19121977,
              2156274.2442148644
            ],
            [
              8626408.19121977,
              2156253.9704696434
            ]
          ]
        ]
      },
      "properties": {
        "building_id": "B0081",
        "parcel_id": "P0123",
        "area": 371.23,
        "source_dataset": "Drone_Orthophoto_2024",
        "confidence_score": 0.92
      }
    },
    {
      "type": "Feature",
      "geometry": {
        "type": "Polygon",
        "coordinates": [
          [
            [
              8626450.77693306,
              2156256.4039863115
            ],
            [
              8626469.743739907,
              2156256.4039863115
            ],
            [
              8626469.743739907,
              2156271.7767876456
            ],
            [
              8626450.77693306,
              2156271.7767876456
            ],
            [
              8626450.77693306,
              2156256.4039863115
            ]
          ]
        ]
      },
      "properties": {
        "building_id": "B0082",
        "parcel_id": "P0124",
        "area": 291.57,
        "source_dataset": "Drone_Orthophoto_2024",
        "confidence_score": 0.92
      }
    },
    {
      "type": "Feature",
      "geometry": {
        "type": "Polygon",
        "coordinates": [
          [
            [
              8626490.342212347,
              2156255.505587612
            ],
            [
              8626505.588256015,
              2156255.505587612
            ],
            [
              8626505.588256015,
              2156267.245743595
            ],
            [
              8626490.342212347,
              2156267.245743595
            ],
            [
              8626490.342212347,
              2156255.505587612
            ]
          ]
        ]
      },
      "properties": {
        "building_id": "B0083",
        "parcel_id": "P0125",
        "area": 178.99,
        "source_dataset": "Drone_Orthophoto_2024",
        "confidence_score": 0.92
      }
    },
    {
      "type": "Feature",
      "geometry": {
        "type": "Polygon",
        "coordinates": [
          [
            [
              8626531.541448254,
              2156253.6640343526
            ],
            [
              8626548.571754212,
              2156253.6640343526
            ],
            [
              8626548.571754212,
              2156266.6704631946
            ],
            [
              8626531.541448254,
              2156266.6704631946
            ],
            [
              8626531.541448254,
              2156253.6640343526
            ]
          ]
        ]
      },
      "properties": {
        "building_id": "B0084",
        "parcel_id": "P0126",
        "area": 221.5,
        "source_dataset": "Drone_Orthophoto_2024",
        "confidence_score": 0.92
      }
    },
    {
      "type": "Feature",
      "geometry": {
        "type": "Polygon",
        "coordinates": [
          [
            [
              8626568.747150028,
              2156255.10211117
            ],
            [
              8626587.169999013,
              2156255.10211117
            ],
            [
              8626587.169999013,
              2156270.182043786
            ],
            [
              8626568.747150028,
              2156270.182043786
            ],
            [
              8626568.747150028,
              2156255.10211117
            ]
          ]
        ]
      },
      "properties": {
        "building_id": "B0085",
        "parcel_id": "P0127",
        "area": 277.82,
        "source_dataset": "Drone_Orthophoto_2024",
        "confidence_score": 0.92
      }
    },
    {
      "type": "Feature",
      "geometry": {
        "type": "Polygon",
        "coordinates": [
          [
            [
              8626090.145050019,
              2156288.643045836
            ],
            [
              8626107.134563643,
              2156288.643045836
            ],
            [
              8626107.134563643,
              2156304.0793777243
            ],
            [
              8626090.145050019,
              2156304.0793777243
            ],
            [
              8626090.145050019,
              2156288.643045836
            ]
          ]
        ]
      },
      "properties": {
        "building_id": "B0086",
        "parcel_id": "P0131",
        "area": 262.26,
        "source_dataset": "Drone_Orthophoto_2024",
        "confidence_score": 0.92
      }
    },
    {
      "type": "Feature",
      "geometry": {
        "type": "Polygon",
        "coordinates": [
          [
            [
              8626166.62990216,
              2156288.0986079583
            ],
            [
              8626187.833874453,
              2156288.0986079583
            ],
            [
              8626187.833874453,
              2156302.491701358
            ],
            [
              8626166.62990216,
              2156302.491701358
            ],
            [
              8626166.62990216,
              2156288.0986079583
            ]
          ]
        ]
      },
      "properties": {
        "building_id": "B0087",
        "parcel_id": "P0133",
        "area": 305.19,
        "source_dataset": "Drone_Orthophoto_2024",
        "confidence_score": 0.92
      }
    },
    {
      "type": "Feature",
      "geometry": {
        "type": "Polygon",
        "coordinates": [
          [
            [
              8626210.442075389,
              2156288.2436903664
            ],
            [
              8626228.573613234,
              2156288.2436903664
            ],
            [
              8626228.573613234,
              2156306.2706534737
            ],
            [
              8626210.442075389,
              2156306.2706534737
            ],
            [
              8626210.442075389,
              2156288.2436903664
            ]
          ]
        ]
      },
      "properties": {
        "building_id": "B0088",
        "parcel_id": "P0134",
        "area": 326.86,
        "source_dataset": "Drone_Orthophoto_2024",
        "confidence_score": 0.92
      }
    },
    {
      "type": "Feature",
      "geometry": {
        "type": "Polygon",
        "coordinates": [
          [
            [
              8626249.783599429,
              2156288.809822395
            ],
            [
              8626266.684834618,
              2156288.809822395
            ],
            [
              8626266.684834618,
              2156300.4586747484
            ],
            [
              8626249.783599429,
              2156300.4586747484
            ],
            [
              8626249.783599429,
              2156288.809822395
            ]
          ]
        ]
      },
      "properties": {
        "building_id": "B0089",
        "parcel_id": "P0135",
        "area": 196.88,
        "source_dataset": "Drone_Orthophoto_2024",
        "confidence_score": 0.92
      }
    },
    {
      "type": "Feature",
      "geometry": {
        "type": "Polygon",
        "coordinates": [
          [
            [
              8626327.46761325,
              2156288.7112599704
            ],
            [
              8626349.417413345,
              2156288.7112599704
            ],
            [
              8626349.417413345,
              2156308.1674939557
            ],
            [
              8626327.46761325,
              2156308.1674939557
            ],
            [
              8626327.46761325,
              2156288.7112599704
            ]
          ]
        ]
      },
      "properties": {
        "building_id": "B0090",
        "parcel_id": "P0137",
        "area": 427.06,
        "source_dataset": "Drone_Orthophoto_2024",
        "confidence_score": 0.92
      }
    },
    {
      "type": "Feature",
      "geometry": {
        "type": "Polygon",
        "coordinates": [
          [
            [
              8626370.024976812,
              2156286.940009206
            ],
            [
              8626389.68384595,
              2156286.940009206
            ],
            [
              8626389.68384595,
              2156307.0165754743
            ],
            [
              8626370.024976812,
              2156307.0165754743
            ],
            [
              8626370.024976812,
              2156286.940009206
            ]
          ]
        ]
      },
      "properties": {
        "building_id": "B0091",
        "parcel_id": "P0138",
        "area": 394.68,
        "source_dataset": "Drone_Orthophoto_2024",
        "confidence_score": 0.92
      }
    },
    {
      "type": "Feature",
      "geometry": {
        "type": "Polygon",
        "coordinates": [
          [
            [
              8626491.3682085,
              2156287.483785105
            ],
            [
              8626507.952019475,
              2156287.483785105
            ],
            [
              8626507.952019475,
              2156308.09232707
            ],
            [
              8626491.3682085,
              2156308.09232707
            ],
            [
              8626491.3682085,
              2156287.483785105
            ]
          ]
        ]
      },
      "properties": {
        "building_id": "B0092",
        "parcel_id": "P0141",
        "area": 341.77,
        "source_dataset": "Drone_Orthophoto_2024",
        "confidence_score": 0.92
      }
    },
    {
      "type": "Feature",
      "geometry": {
        "type": "Polygon",
        "coordinates": [
          [
            [
              8626531.1480058,
              2156287.8355358033
            ],
            [
              8626550.162827823,
              2156287.8355358033
            ],
            [
              8626550.162827823,
              2156306.737690168
            ],
            [
              8626531.1480058,
              2156306.737690168
            ],
            [
              8626531.1480058,
              2156287.8355358033
            ]
          ]
        ]
      },
      "properties": {
        "building_id": "B0093",
        "parcel_id": "P0142",
        "area": 359.42,
        "source_dataset": "Drone_Orthophoto_2024",
        "confidence_score": 0.92
      }
    },
    {
      "type": "Feature",
      "geometry": {
        "type": "Polygon",
        "coordinates": [
          [
            [
              8626568.625722118,
              2156287.3960104333
            ],
            [
              8626586.014212014,
              2156287.3960104333
            ],
            [
              8626586.014212014,
              2156305.0409031175
            ],
            [
              8626568.625722118,
              2156305.0409031175
            ],
            [
              8626568.625722118,
              2156287.3960104333
            ]
          ]
        ]
      },
      "properties": {
        "building_id": "B0094",
        "parcel_id": "P0143",
        "area": 306.82,
        "source_dataset": "Drone_Orthophoto_2024",
        "confidence_score": 0.92
      }
    },
    {
      "type": "Feature",
      "geometry": {
        "type": "Polygon",
        "coordinates": [
          [
            [
              8626608.793728434,
              2156288.007161008
            ],
            [
              8626626.825438198,
              2156288.007161008
            ],
            [
              8626626.825438198,
              2156304.3730034977
            ],
            [
              8626608.793728434,
              2156304.3730034977
            ],
            [
              8626608.793728434,
              2156288.007161008
            ]
          ]
        ]
      },
      "properties": {
        "building_id": "B0095",
        "parcel_id": "P0144",
        "area": 295.1,
        "source_dataset": "Drone_Orthophoto_2024",
        "confidence_score": 0.92
      }
    },
    {
      "type": "Feature",
      "geometry": {
        "type": "Polygon",
        "coordinates": [
          [
            [
              8626009.461285569,
              2156327.5554999057
            ],
            [
              8626030.202511027,
              2156327.5554999057
            ],
            [
              8626030.202511027,
              2156340.185142575
            ],
            [
              8626009.461285569,
              2156340.185142575
            ],
            [
              8626009.461285569,
              2156327.5554999057
            ]
          ]
        ]
      },
      "properties": {
        "building_id": "B0096",
        "parcel_id": "P0145",
        "area": 261.95,
        "source_dataset": "Drone_Orthophoto_2024",
        "confidence_score": 0.92
      }
    },
    {
      "type": "Feature",
      "geometry": {
        "type": "Polygon",
        "coordinates": [
          [
            [
              8626049.539049119,
              2156323.5547272707
            ],
            [
              8626071.362185376,
              2156323.5547272707
            ],
            [
              8626071.362185376,
              2156343.7095925086
            ],
            [
              8626049.539049119,
              2156343.7095925086
            ],
            [
              8626049.539049119,
              2156323.5547272707
            ]
          ]
        ]
      },
      "properties": {
        "building_id": "B0097",
        "parcel_id": "P0146",
        "area": 439.84,
        "source_dataset": "Drone_Orthophoto_2024",
        "confidence_score": 0.92
      }
    },
    {
      "type": "Feature",
      "geometry": {
        "type": "Polygon",
        "coordinates": [
          [
            [
              8626209.300640048,
              2156324.5412883037
            ],
            [
              8626226.36992104,
              2156324.5412883037
            ],
            [
              8626226.36992104,
              2156337.0103476904
            ],
            [
              8626209.300640048,
              2156337.0103476904
            ],
            [
              8626209.300640048,
              2156324.5412883037
            ]
          ]
        ]
      },
      "properties": {
        "building_id": "B0098",
        "parcel_id": "P0150",
        "area": 212.84,
        "source_dataset": "Drone_Orthophoto_2024",
        "confidence_score": 0.92
      }
    },
    {
      "type": "Feature",
      "geometry": {
        "type": "Polygon",
        "coordinates": [
          [
            [
              8626252.315386461,
              2156323.4271905376
            ],
            [
              8626270.688507935,
              2156323.4271905376
            ],
            [
              8626270.688507935,
              2156343.8169630393
            ],
            [
              8626252.315386461,
              2156343.8169630393
            ],
            [
              8626252.315386461,
              2156323.4271905376
            ]
          ]
        ]
      },
      "properties": {
        "building_id": "B0099",
        "parcel_id": "P0151",
        "area": 374.62,
        "source_dataset": "Drone_Orthophoto_2024",
        "confidence_score": 0.92
      }
    },
    {
      "type": "Feature",
      "geometry": {
        "type": "Polygon",
        "coordinates": [
          [
            [
              8626290.1808714,
              2156327.625214085
            ],
            [
              8626310.978757558,
              2156327.625214085
            ],
            [
              8626310.978757558,
              2156340.489130972
            ],
            [
              8626290.1808714,
              2156340.489130972
            ],
            [
              8626290.1808714,
              2156327.625214085
            ]
          ]
        ]
      },
      "properties": {
        "building_id": "B0100",
        "parcel_id": "P0152",
        "area": 267.54,
        "source_dataset": "Drone_Orthophoto_2024",
        "confidence_score": 0.92
      }
    },
    {
      "type": "Feature",
      "geometry": {
        "type": "Polygon",
        "coordinates": [
          [
            [
              8626330.175384887,
              2156323.924238067
            ],
            [
              8626344.35160183,
              2156323.924238067
            ],
            [
              8626344.35160183,
              2156339.893165968
            ],
            [
              8626330.175384887,
              2156339.893165968
            ],
            [
              8626330.175384887,
              2156323.924238067
            ]
          ]
        ]
      },
      "properties": {
        "building_id": "B0101",
        "parcel_id": "P0153",
        "area": 226.38,
        "source_dataset": "Drone_Orthophoto_2024",
        "confidence_score": 0.92
      }
    },
    {
      "type": "Feature",
      "geometry": {
        "type": "Polygon",
        "coordinates": [
          [
            [
              8626409.08151355,
              2156323.1826214674
            ],
            [
              8626422.663364347,
              2156323.1826214674
            ],
            [
              8626422.663364347,
              2156341.5383514278
            ],
            [
              8626409.08151355,
              2156341.5383514278
            ],
            [
              8626409.08151355,
              2156323.1826214674
            ]
          ]
        ]
      },
      "properties": {
        "building_id": "B0102",
        "parcel_id": "P0155",
        "area": 249.3,
        "source_dataset": "Drone_Orthophoto_2024",
        "confidence_score": 0.92
      }
    },
    {
      "type": "Feature",
      "geometry": {
        "type": "Polygon",
        "coordinates": [
          [
            [
              8626489.913872596,
              2156325.1208923687
            ],
            [
              8626509.792984137,
              2156325.1208923687
            ],
            [
              8626509.792984137,
              2156339.8959229477
            ],
            [
              8626489.913872596,
              2156339.8959229477
            ],
            [
              8626489.913872596,
              2156325.1208923687
            ]
          ]
        ]
      },
      "properties": {
        "building_id": "B0103",
        "parcel_id": "P0157",
        "area": 293.71,
        "source_dataset": "Drone_Orthophoto_2024",
        "confidence_score": 0.92
      }
    },
    {
      "type": "Feature",
      "geometry": {
        "type": "Polygon",
        "coordinates": [
          [
            [
              8626528.969922163,
              2156325.007750631
            ],
            [
              8626548.585419334,
              2156325.007750631
            ],
            [
              8626548.585419334,
              2156339.1686000903
            ],
            [
              8626528.969922163,
              2156339.1686000903
            ],
            [
              8626528.969922163,
              2156325.007750631
            ]
          ]
        ]
      },
      "properties": {
        "building_id": "B0104",
        "parcel_id": "P0158",
        "area": 277.77,
        "source_dataset": "Drone_Orthophoto_2024",
        "confidence_score": 0.92
      }
    },
    {
      "type": "Feature",
      "geometry": {
        "type": "Polygon",
        "coordinates": [
          [
            [
              8626568.910470469,
              2156322.2348320694
            ],
            [
              8626589.332649253,
              2156322.2348320694
            ],
            [
              8626589.332649253,
              2156338.356818009
            ],
            [
              8626568.910470469,
              2156338.356818009
            ],
            [
              8626568.910470469,
              2156322.2348320694
            ]
          ]
        ]
      },
      "properties": {
        "building_id": "B0105",
        "parcel_id": "P0159",
        "area": 329.25,
        "source_dataset": "Drone_Orthophoto_2024",
        "confidence_score": 0.92
      }
    },
    {
      "type": "Feature",
      "geometry": {
        "type": "Polygon",
        "coordinates": [
          [
            [
              8626013.153715378,
              2156359.6687712576
            ],
            [
              8626027.702109443,
              2156359.6687712576
            ],
            [
              8626027.702109443,
              2156374.312898568
            ],
            [
              8626013.153715378,
              2156374.312898568
            ],
            [
              8626013.153715378,
              2156359.6687712576
            ]
          ]
        ]
      },
      "properties": {
        "building_id": "B0106",
        "parcel_id": "P0161",
        "area": 213.05,
        "source_dataset": "Drone_Orthophoto_2024",
        "confidence_score": 0.92
      }
    },
    {
      "type": "Feature",
      "geometry": {
        "type": "Polygon",
        "coordinates": [
          [
            [
              8626050.73822799,
              2156361.656718469
            ],
            [
              8626065.854341086,
              2156361.656718469
            ],
            [
              8626065.854341086,
              2156375.3834697735
            ],
            [
              8626050.73822799,
              2156375.3834697735
            ],
            [
              8626050.73822799,
              2156361.656718469
            ]
          ]
        ]
      },
      "properties": {
        "building_id": "B0107",
        "parcel_id": "P0162",
        "area": 207.5,
        "source_dataset": "Drone_Orthophoto_2024",
        "confidence_score": 0.92
      }
    },
    {
      "type": "Feature",
      "geometry": {
        "type": "Polygon",
        "coordinates": [
          [
            [
              8626089.858965263,
              2156359.4417137057
            ],
            [
              8626109.073627552,
              2156359.4417137057
            ],
            [
              8626109.073627552,
              2156377.682861656
            ],
            [
              8626089.858965263,
              2156377.682861656
            ],
            [
              8626089.858965263,
              2156359.4417137057
            ]
          ]
        ]
      },
      "properties": {
        "building_id": "B0108",
        "parcel_id": "P0163",
        "area": 350.5,
        "source_dataset": "Drone_Orthophoto_2024",
        "confidence_score": 0.92
      }
    },
    {
      "type": "Feature",
      "geometry": {
        "type": "Polygon",
        "coordinates": [
          [
            [
              8626128.687122317,
              2156361.3220251757
            ],
            [
              8626148.1458172,
              2156361.3220251757
            ],
            [
              8626148.1458172,
              2156377.3758841995
            ],
            [
              8626128.687122317,
              2156377.3758841995
            ],
            [
              8626128.687122317,
              2156361.3220251757
            ]
          ]
        ]
      },
      "properties": {
        "building_id": "B0109",
        "parcel_id": "P0164",
        "area": 312.39,
        "source_dataset": "Drone_Orthophoto_2024",
        "confidence_score": 0.92
      }
    },
    {
      "type": "Feature",
      "geometry": {
        "type": "Polygon",
        "coordinates": [
          [
            [
              8626167.603180727,
              2156356.2736447523
            ],
            [
              8626188.76724211,
              2156356.2736447523
            ],
            [
              8626188.76724211,
              2156375.8831568677
            ],
            [
              8626167.603180727,
              2156375.8831568677
            ],
            [
              8626167.603180727,
              2156356.2736447523
            ]
          ]
        ]
      },
      "properties": {
        "building_id": "B0110",
        "parcel_id": "P0165",
        "area": 415.02,
        "source_dataset": "Drone_Orthophoto_2024",
        "confidence_score": 0.92
      }
    },
    {
      "type": "Feature",
      "geometry": {
        "type": "Polygon",
        "coordinates": [
          [
            [
              8626210.417700812,
              2156358.085578604
            ],
            [
              8626225.221385142,
              2156358.085578604
            ],
            [
              8626225.221385142,
              2156373.290155494
            ],
            [
              8626210.417700812,
              2156373.290155494
            ],
            [
              8626210.417700812,
              2156358.085578604
            ]
          ]
        ]
      },
      "properties": {
        "building_id": "B0111",
        "parcel_id": "P0166",
        "area": 225.08,
        "source_dataset": "Drone_Orthophoto_2024",
        "confidence_score": 0.92
      }
    },
    {
      "type": "Feature",
      "geometry": {
        "type": "Polygon",
        "coordinates": [
          [
            [
              8626289.778678244,
              2156359.7984555042
            ],
            [
              8626312.485226339,
              2156359.7984555042
            ],
            [
              8626312.485226339,
              2156373.360896198
            ],
            [
              8626289.778678244,
              2156373.360896198
            ],
            [
              8626289.778678244,
              2156359.7984555042
            ]
          ]
        ]
      },
      "properties": {
        "building_id": "B0112",
        "parcel_id": "P0168",
        "area": 307.96,
        "source_dataset": "Drone_Orthophoto_2024",
        "confidence_score": 0.92
      }
    },
    {
      "type": "Feature",
      "geometry": {
        "type": "Polygon",
        "coordinates": [
          [
            [
              8626328.224567361,
              2156360.9072368327
            ],
            [
              8626345.087768488,
              2156360.9072368327
            ],
            [
              8626345.087768488,
              2156372.84563794
            ],
            [
              8626328.224567361,
              2156372.84563794
            ],
            [
              8626328.224567361,
              2156360.9072368327
            ]
          ]
        ]
      },
      "properties": {
        "building_id": "B0113",
        "parcel_id": "P0169",
        "area": 201.32,
        "source_dataset": "Drone_Orthophoto_2024",
        "confidence_score": 0.92
      }
    },
    {
      "type": "Feature",
      "geometry": {
        "type": "Polygon",
        "coordinates": [
          [
            [
              8626369.552284583,
              2156359.1788968616
            ],
            [
              8626388.746916436,
              2156359.1788968616
            ],
            [
              8626388.746916436,
              2156373.301765888
            ],
            [
              8626369.552284583,
              2156373.301765888
            ],
            [
              8626369.552284583,
              2156359.1788968616
            ]
          ]
        ]
      },
      "properties": {
        "building_id": "B0114",
        "parcel_id": "P0170",
        "area": 271.08,
        "source_dataset": "Drone_Orthophoto_2024",
        "confidence_score": 0.92
      }
    },
    {
      "type": "Feature",
      "geometry": {
        "type": "Polygon",
        "coordinates": [
          [
            [
              8626412.503895713,
              2156357.0122395027
            ],
            [
              8626430.611381708,
              2156357.0122395027
            ],
            [
              8626430.611381708,
              2156372.373900921
            ],
            [
              8626412.503895713,
              2156372.373900921
            ],
            [
              8626412.503895713,
              2156357.0122395027
            ]
          ]
        ]
      },
      "properties": {
        "building_id": "B0115",
        "parcel_id": "P0171",
        "area": 278.16,
        "source_dataset": "Drone_Orthophoto_2024",
        "confidence_score": 0.92
      }
    },
    {
      "type": "Feature",
      "geometry": {
        "type": "Polygon",
        "coordinates": [
          [
            [
              8626449.486378498,
              2156355.5806923104
            ],
            [
              8626472.20836147,
              2156355.5806923104
            ],
            [
              8626472.20836147,
              2156374.9502401217
            ],
            [
              8626449.486378498,
              2156374.9502401217
            ],
            [
              8626449.486378498,
              2156355.5806923104
            ]
          ]
        ]
      },
      "properties": {
        "building_id": "B0116",
        "parcel_id": "P0172",
        "area": 440.11,
        "source_dataset": "Drone_Orthophoto_2024",
        "confidence_score": 0.92
      }
    },
    {
      "type": "Feature",
      "geometry": {
        "type": "Polygon",
        "coordinates": [
          [
            [
              8626487.552818475,
              2156356.64766996
            ],
            [
              8626509.373186154,
              2156356.64766996
            ],
            [
              8626509.373186154,
              2156375.342984425
            ],
            [
              8626487.552818475,
              2156375.342984425
            ],
            [
              8626487.552818475,
              2156356.64766996
            ]
          ]
        ]
      },
      "properties": {
        "building_id": "B0117",
        "parcel_id": "P0173",
        "area": 407.94,
        "source_dataset": "Drone_Orthophoto_2024",
        "confidence_score": 0.92
      }
    },
    {
      "type": "Feature",
      "geometry": {
        "type": "Polygon",
        "coordinates": [
          [
            [
              8626565.514824534,
              2156357.796218699
            ],
            [
              8626586.722771246,
              2156357.796218699
            ],
            [
              8626586.722771246,
              2156373.691945796
            ],
            [
              8626565.514824534,
              2156373.691945796
            ],
            [
              8626565.514824534,
              2156357.796218699
            ]
          ]
        ]
      },
      "properties": {
        "building_id": "B0118",
        "parcel_id": "P0175",
        "area": 337.12,
        "source_dataset": "Drone_Orthophoto_2024",
        "confidence_score": 0.92
      }
    },
    {
      "type": "Feature",
      "geometry": {
        "type": "Polygon",
        "coordinates": [
          [
            [
              8626610.988596324,
              2156358.0744733186
            ],
            [
              8626631.618715584,
              2156358.0744733186
            ],
            [
              8626631.618715584,
              2156375.3443416962
            ],
            [
              8626610.988596324,
              2156375.3443416962
            ],
            [
              8626610.988596324,
              2156358.0744733186
            ]
          ]
        ]
      },
      "properties": {
        "building_id": "B0119",
        "parcel_id": "P0176",
        "area": 356.28,
        "source_dataset": "Drone_Orthophoto_2024",
        "confidence_score": 0.92
      }
    },
    {
      "type": "Feature",
      "geometry": {
        "type": "Polygon",
        "coordinates": [
          [
            [
              8626008.407918204,
              2156393.366095345
            ],
            [
              8626025.15667896,
              2156393.366095345
            ],
            [
              8626025.15667896,
              2156405.335916728
            ],
            [
              8626008.407918204,
              2156405.335916728
            ],
            [
              8626008.407918204,
              2156393.366095345
            ]
          ]
        ]
      },
      "properties": {
        "building_id": "B0120",
        "parcel_id": "P0177",
        "area": 200.48,
        "source_dataset": "Drone_Orthophoto_2024",
        "confidence_score": 0.92
      }
    },
    {
      "type": "Feature",
      "geometry": {
        "type": "Polygon",
        "coordinates": [
          [
            [
              8626049.720085967,
              2156396.076515818
            ],
            [
              8626070.42030482,
              2156396.076515818
            ],
            [
              8626070.42030482,
              2156409.881189687
            ],
            [
              8626049.720085967,
              2156409.881189687
            ],
            [
              8626049.720085967,
              2156396.076515818
            ]
          ]
        ]
      },
      "properties": {
        "building_id": "B0121",
        "parcel_id": "P0178",
        "area": 285.76,
        "source_dataset": "Drone_Orthophoto_2024",
        "confidence_score": 0.92
      }
    },
    {
      "type": "Feature",
      "geometry": {
        "type": "Polygon",
        "coordinates": [
          [
            [
              8626088.714118587,
              2156393.3357367534
            ],
            [
              8626105.436380196,
              2156393.3357367534
            ],
            [
              8626105.436380196,
              2156405.487513041
            ],
            [
              8626088.714118587,
              2156405.487513041
            ],
            [
              8626088.714118587,
              2156393.3357367534
            ]
          ]
        ]
      },
      "properties": {
        "building_id": "B0122",
        "parcel_id": "P0179",
        "area": 203.21,
        "source_dataset": "Drone_Orthophoto_2024",
        "confidence_score": 0.92
      }
    },
    {
      "type": "Feature",
      "geometry": {
        "type": "Polygon",
        "coordinates": [
          [
            [
              8626127.284311732,
              2156396.914666809
            ],
            [
              8626149.16056383,
              2156396.914666809
            ],
            [
              8626149.16056383,
              2156410.991430148
            ],
            [
              8626127.284311732,
              2156410.991430148
            ],
            [
              8626127.284311732,
              2156396.914666809
            ]
          ]
        ]
      },
      "properties": {
        "building_id": "B0123",
        "parcel_id": "P0180",
        "area": 307.95,
        "source_dataset": "Drone_Orthophoto_2024",
        "confidence_score": 0.92
      }
    },
    {
      "type": "Feature",
      "geometry": {
        "type": "Polygon",
        "coordinates": [
          [
            [
              8626169.520091658,
              2156397.126678904
            ],
            [
              8626190.945194235,
              2156397.126678904
            ],
            [
              8626190.945194235,
              2156410.792869475
            ],
            [
              8626169.520091658,
              2156410.792869475
            ],
            [
              8626169.520091658,
              2156397.126678904
            ]
          ]
        ]
      },
      "properties": {
        "building_id": "B0124",
        "parcel_id": "P0181",
        "area": 292.8,
        "source_dataset": "Drone_Orthophoto_2024",
        "confidence_score": 0.92
      }
    },
    {
      "type": "Feature",
      "geometry": {
        "type": "Polygon",
        "coordinates": [
          [
            [
              8626207.363564882,
              2156396.198957541
            ],
            [
              8626225.23734947,
              2156396.198957541
            ],
            [
              8626225.23734947,
              2156410.305265904
            ],
            [
              8626207.363564882,
              2156410.305265904
            ],
            [
              8626207.363564882,
              2156396.198957541
            ]
          ]
        ]
      },
      "properties": {
        "building_id": "B0125",
        "parcel_id": "P0182",
        "area": 252.13,
        "source_dataset": "Drone_Orthophoto_2024",
        "confidence_score": 0.92
      }
    },
    {
      "type": "Feature",
      "geometry": {
        "type": "Polygon",
        "coordinates": [
          [
            [
              8626331.729514312,
              2156395.0763896606
            ],
            [
              8626348.26172832,
              2156395.0763896606
            ],
            [
              8626348.26172832,
              2156409.5278058243
            ],
            [
              8626331.729514312,
              2156409.5278058243
            ],
            [
              8626331.729514312,
              2156395.0763896606
            ]
          ]
        ]
      },
      "properties": {
        "building_id": "B0126",
        "parcel_id": "P0185",
        "area": 238.91,
        "source_dataset": "Drone_Orthophoto_2024",
        "confidence_score": 0.92
      }
    },
    {
      "type": "Feature",
      "geometry": {
        "type": "Polygon",
        "coordinates": [
          [
            [
              8626370.987392396,
              2156395.409057197
            ],
            [
              8626386.353521096,
              2156395.409057197
            ],
            [
              8626386.353521096,
              2156412.1006576014
            ],
            [
              8626370.987392396,
              2156412.1006576014
            ],
            [
              8626370.987392396,
              2156395.409057197
            ]
          ]
        ]
      },
      "properties": {
        "building_id": "B0127",
        "parcel_id": "P0186",
        "area": 256.49,
        "source_dataset": "Drone_Orthophoto_2024",
        "confidence_score": 0.92
      }
    },
    {
      "type": "Feature",
      "geometry": {
        "type": "Polygon",
        "coordinates": [
          [
            [
              8626408.976118451,
              2156395.3111237236
            ],
            [
              8626428.516285172,
              2156395.3111237236
            ],
            [
              8626428.516285172,
              2156408.678756119
            ],
            [
              8626408.976118451,
              2156408.678756119
            ],
            [
              8626408.976118451,
              2156395.3111237236
            ]
          ]
        ]
      },
      "properties": {
        "building_id": "B0128",
        "parcel_id": "P0187",
        "area": 261.21,
        "source_dataset": "Drone_Orthophoto_2024",
        "confidence_score": 0.92
      }
    },
    {
      "type": "Feature",
      "geometry": {
        "type": "Polygon",
        "coordinates": [
          [
            [
              8626448.88473337,
              2156391.464692423
            ],
            [
              8626465.02738447,
              2156391.464692423
            ],
            [
              8626465.02738447,
              2156409.290027154
            ],
            [
              8626448.88473337,
              2156409.290027154
            ],
            [
              8626448.88473337,
              2156391.464692423
            ]
          ]
        ]
      },
      "properties": {
        "building_id": "B0129",
        "parcel_id": "P0188",
        "area": 287.75,
        "source_dataset": "Drone_Orthophoto_2024",
        "confidence_score": 0.92
      }
    },
    {
      "type": "Feature",
      "geometry": {
        "type": "Polygon",
        "coordinates": [
          [
            [
              8626489.754705656,
              2156393.09753965
            ],
            [
              8626504.868594695,
              2156393.09753965
            ],
            [
              8626504.868594695,
              2156407.6276597097
            ],
            [
              8626489.754705656,
              2156407.6276597097
            ],
            [
              8626489.754705656,
              2156393.09753965
            ]
          ]
        ]
      },
      "properties": {
        "building_id": "B0130",
        "parcel_id": "P0189",
        "area": 219.61,
        "source_dataset": "Drone_Orthophoto_2024",
        "confidence_score": 0.92
      }
    },
    {
      "type": "Feature",
      "geometry": {
        "type": "Polygon",
        "coordinates": [
          [
            [
              8626570.118112853,
              2156393.991676033
            ],
            [
              8626583.769957637,
              2156393.991676033
            ],
            [
              8626583.769957637,
              2156407.7278867112
            ],
            [
              8626570.118112853,
              2156407.7278867112
            ],
            [
              8626570.118112853,
              2156393.991676033
            ]
          ]
        ]
      },
      "properties": {
        "building_id": "B0131",
        "parcel_id": "P0191",
        "area": 187.52,
        "source_dataset": "Drone_Orthophoto_2024",
        "confidence_score": 0.92
      }
    },
    {
      "type": "Feature",
      "geometry": {
        "type": "Polygon",
        "coordinates": [
          [
            [
              8626611.43071214,
              2156397.4304110776
            ],
            [
              8626628.52486157,
              2156397.4304110776
            ],
            [
              8626628.52486157,
              2156410.11644965
            ],
            [
              8626611.43071214,
              2156410.11644965
            ],
            [
              8626611.43071214,
              2156397.4304110776
            ]
          ]
        ]
      },
      "properties": {
        "building_id": "B0132",
        "parcel_id": "P0192",
        "area": 216.86,
        "source_dataset": "Drone_Orthophoto_2024",
        "confidence_score": 0.92
      }
    },
    {
      "type": "Feature",
      "geometry": {
        "type": "Polygon",
        "coordinates": [
          [
            [
              8626009.837787664,
              2156431.6616553203
            ],
            [
              8626030.71656798,
              2156431.6616553203
            ],
            [
              8626030.71656798,
              2156445.018796482
            ],
            [
              8626009.837787664,
              2156445.018796482
            ],
            [
              8626009.837787664,
              2156431.6616553203
            ]
          ]
        ]
      },
      "properties": {
        "building_id": "B0133",
        "parcel_id": "P0193",
        "area": 278.88,
        "source_dataset": "Drone_Orthophoto_2024",
        "confidence_score": 0.92
      }
    },
    {
      "type": "Feature",
      "geometry": {
        "type": "Polygon",
        "coordinates": [
          [
            [
              8626089.38768498,
              2156428.9393142005
            ],
            [
              8626104.796872329,
              2156428.9393142005
            ],
            [
              8626104.796872329,
              2156447.955454668
            ],
            [
              8626089.38768498,
              2156447.955454668
            ],
            [
              8626089.38768498,
              2156428.9393142005
            ]
          ]
        ]
      },
      "properties": {
        "building_id": "B0134",
        "parcel_id": "P0195",
        "area": 293.02,
        "source_dataset": "Drone_Orthophoto_2024",
        "confidence_score": 0.92
      }
    },
    {
      "type": "Feature",
      "geometry": {
        "type": "Polygon",
        "coordinates": [
          [
            [
              8626132.872196265,
              2156431.531534925
            ],
            [
              8626147.50114154,
              2156431.531534925
            ],
            [
              8626147.50114154,
              2156445.537734575
            ],
            [
              8626132.872196265,
              2156445.537734575
            ],
            [
              8626132.872196265,
              2156431.531534925
            ]
          ]
        ]
      },
      "properties": {
        "building_id": "B0135",
        "parcel_id": "P0196",
        "area": 204.9,
        "source_dataset": "Drone_Orthophoto_2024",
        "confidence_score": 0.92
      }
    },
    {
      "type": "Feature",
      "geometry": {
        "type": "Polygon",
        "coordinates": [
          [
            [
              8626211.562817015,
              2156429.5533322394
            ],
            [
              8626231.989618223,
              2156429.5533322394
            ],
            [
              8626231.989618223,
              2156445.147886578
            ],
            [
              8626211.562817015,
              2156445.147886578
            ],
            [
              8626211.562817015,
              2156429.5533322394
            ]
          ]
        ]
      },
      "properties": {
        "building_id": "B0136",
        "parcel_id": "P0198",
        "area": 318.55,
        "source_dataset": "Drone_Orthophoto_2024",
        "confidence_score": 0.92
      }
    },
    {
      "type": "Feature",
      "geometry": {
        "type": "Polygon",
        "coordinates": [
          [
            [
              8626246.873850778,
              2156428.2811145484
            ],
            [
              8626269.343584817,
              2156428.2811145484
            ],
            [
              8626269.343584817,
              2156446.492779136
            ],
            [
              8626246.873850778,
              2156446.492779136
            ],
            [
              8626246.873850778,
              2156428.2811145484
            ]
          ]
        ]
      },
      "properties": {
        "building_id": "B0137",
        "parcel_id": "P0199",
        "area": 409.21,
        "source_dataset": "Drone_Orthophoto_2024",
        "confidence_score": 0.92
      }
    },
    {
      "type": "Feature",
      "geometry": {
        "type": "Polygon",
        "coordinates": [
          [
            [
              8626293.234285222,
              2156429.545700766
            ],
            [
              8626309.72665098,
              2156429.545700766
            ],
            [
              8626309.72665098,
              2156446.6336610373
            ],
            [
              8626293.234285222,
              2156446.6336610373
            ],
            [
              8626293.234285222,
              2156429.545700766
            ]
          ]
        ]
      },
      "properties": {
        "building_id": "B0138",
        "parcel_id": "P0200",
        "area": 281.82,
        "source_dataset": "Drone_Orthophoto_2024",
        "confidence_score": 0.92
      }
    },
    {
      "type": "Feature",
      "geometry": {
        "type": "Polygon",
        "coordinates": [
          [
            [
              8626334.524881398,
              2156428.2492931453
            ],
            [
              8626348.659427162,
              2156428.2492931453
            ],
            [
              8626348.659427162,
              2156448.630660217
            ],
            [
              8626334.524881398,
              2156448.630660217
            ],
            [
              8626334.524881398,
              2156428.2492931453
            ]
          ]
        ]
      },
      "properties": {
        "building_id": "B0139",
        "parcel_id": "P0201",
        "area": 288.08,
        "source_dataset": "Drone_Orthophoto_2024",
        "confidence_score": 0.92
      }
    },
    {
      "type": "Feature",
      "geometry": {
        "type": "Polygon",
        "coordinates": [
          [
            [
              8626370.241532676,
              2156428.3872813634
            ],
            [
              8626390.167185577,
              2156428.3872813634
            ],
            [
              8626390.167185577,
              2156439.6218881127
            ],
            [
              8626370.241532676,
              2156439.6218881127
            ],
            [
              8626370.241532676,
              2156428.3872813634
            ]
          ]
        ]
      },
      "properties": {
        "building_id": "B0140",
        "parcel_id": "P0202",
        "area": 223.86,
        "source_dataset": "Drone_Orthophoto_2024",
        "confidence_score": 0.92
      }
    },
    {
      "type": "Feature",
      "geometry": {
        "type": "Polygon",
        "coordinates": [
          [
            [
              8626413.072333708,
              2156428.292699473
            ],
            [
              8626426.310958844,
              2156428.292699473
            ],
            [
              8626426.310958844,
              2156444.296352907
            ],
            [
              8626413.072333708,
              2156444.296352907
            ],
            [
              8626413.072333708,
              2156428.292699473
            ]
          ]
        ]
      },
      "properties": {
        "building_id": "B0141",
        "parcel_id": "P0203",
        "area": 211.87,
        "source_dataset": "Drone_Orthophoto_2024",
        "confidence_score": 0.92
      }
    },
    {
      "type": "Feature",
      "geometry": {
        "type": "Polygon",
        "coordinates": [
          [
            [
              8626450.124797374,
              2156426.7130205086
            ],
            [
              8626469.573492808,
              2156426.7130205086
            ],
            [
              8626469.573492808,
              2156443.0904607936
            ],
            [
              8626450.124797374,
              2156443.0904607936
            ],
            [
              8626450.124797374,
              2156426.7130205086
            ]
          ]
        ]
      },
      "properties": {
        "building_id": "B0142",
        "parcel_id": "P0204",
        "area": 318.52,
        "source_dataset": "Drone_Orthophoto_2024",
        "confidence_score": 0.92
      }
    },
    {
      "type": "Feature",
      "geometry": {
        "type": "Polygon",
        "coordinates": [
          [
            [
              8626490.276752789,
              2156428.0123068946
            ],
            [
              8626511.849818114,
              2156428.0123068946
            ],
            [
              8626511.849818114,
              2156439.1813660916
            ],
            [
              8626490.276752789,
              2156439.1813660916
            ],
            [
              8626490.276752789,
              2156428.0123068946
            ]
          ]
        ]
      },
      "properties": {
        "building_id": "B0143",
        "parcel_id": "P0205",
        "area": 240.95,
        "source_dataset": "Drone_Orthophoto_2024",
        "confidence_score": 0.92
      }
    },
    {
      "type": "Feature",
      "geometry": {
        "type": "Polygon",
        "coordinates": [
          [
            [
              8626529.770766893,
              2156430.7123404173
            ],
            [
              8626549.552989734,
              2156430.7123404173
            ],
            [
              8626549.552989734,
              2156445.7837431887
            ],
            [
              8626529.770766893,
              2156445.7837431887
            ],
            [
              8626529.770766893,
              2156430.7123404173
            ]
          ]
        ]
      },
      "properties": {
        "building_id": "B0144",
        "parcel_id": "P0206",
        "area": 298.15,
        "source_dataset": "Drone_Orthophoto_2024",
        "confidence_score": 0.92
      }
    },
    {
      "type": "Feature",
      "geometry": {
        "type": "Polygon",
        "coordinates": [
          [
            [
              8626569.977068495,
              2156429.047772035
            ],
            [
              8626586.492489886,
              2156429.047772035
            ],
            [
              8626586.492489886,
              2156444.961462441
            ],
            [
              8626569.977068495,
              2156444.961462441
            ],
            [
              8626569.977068495,
              2156429.047772035
            ]
          ]
        ]
      },
      "properties": {
        "building_id": "B0145",
        "parcel_id": "P0207",
        "area": 262.82,
        "source_dataset": "Drone_Orthophoto_2024",
        "confidence_score": 0.92
      }
    },
    {
      "type": "Feature",
      "geometry": {
        "type": "Polygon",
        "coordinates": [
          [
            [
              8626048.564388223,
              2156463.230566092
            ],
            [
              8626068.392936723,
              2156463.230566092
            ],
            [
              8626068.392936723,
              2156479.5572516676
            ],
            [
              8626048.564388223,
              2156479.5572516676
            ],
            [
              8626048.564388223,
              2156463.230566092
            ]
          ]
        ]
      },
      "properties": {
        "building_id": "B0146",
        "parcel_id": "P0210",
        "area": 323.73,
        "source_dataset": "Drone_Orthophoto_2024",
        "confidence_score": 0.92
      }
    },
    {
      "type": "Feature",
      "geometry": {
        "type": "Polygon",
        "coordinates": [
          [
            [
              8626088.69958992,
              2156462.055257353
            ],
            [
              8626110.502333887,
              2156462.055257353
            ],
            [
              8626110.502333887,
              2156478.8764553205
            ],
            [
              8626088.69958992,
              2156478.8764553205
            ],
            [
              8626088.69958992,
              2156462.055257353
            ]
          ]
        ]
      },
      "properties": {
        "building_id": "B0147",
        "parcel_id": "P0211",
        "area": 366.75,
        "source_dataset": "Drone_Orthophoto_2024",
        "confidence_score": 0.92
      }
    },
    {
      "type": "Feature",
      "geometry": {
        "type": "Polygon",
        "coordinates": [
          [
            [
              8626172.242945364,
              2156461.876429715
            ],
            [
              8626190.019925896,
              2156461.876429715
            ],
            [
              8626190.019925896,
              2156477.078090205
            ],
            [
              8626172.242945364,
              2156477.078090205
            ],
            [
              8626172.242945364,
              2156461.876429715
            ]
          ]
        ]
      },
      "properties": {
        "building_id": "B0148",
        "parcel_id": "P0213",
        "area": 270.24,
        "source_dataset": "Drone_Orthophoto_2024",
        "confidence_score": 0.92
      }
    },
    {
      "type": "Feature",
      "geometry": {
        "type": "Polygon",
        "coordinates": [
          [
            [
              8626209.425927298,
              2156461.042646771
            ],
            [
              8626225.133004418,
              2156461.042646771
            ],
            [
              8626225.133004418,
              2156480.441755708
            ],
            [
              8626209.425927298,
              2156480.441755708
            ],
            [
              8626209.425927298,
              2156461.042646771
            ]
          ]
        ]
      },
      "properties": {
        "building_id": "B0149",
        "parcel_id": "P0214",
        "area": 304.7,
        "source_dataset": "Drone_Orthophoto_2024",
        "confidence_score": 0.92
      }
    },
    {
      "type": "Feature",
      "geometry": {
        "type": "Polygon",
        "coordinates": [
          [
            [
              8626254.18814516,
              2156461.398246995
            ],
            [
              8626269.31328492,
              2156461.398246995
            ],
            [
              8626269.31328492,
              2156479.168786406
            ],
            [
              8626254.18814516,
              2156479.168786406
            ],
            [
              8626254.18814516,
              2156461.398246995
            ]
          ]
        ]
      },
      "properties": {
        "building_id": "B0150",
        "parcel_id": "P0215",
        "area": 268.78,
        "source_dataset": "Drone_Orthophoto_2024",
        "confidence_score": 0.92
      }
    },
    {
      "type": "Feature",
      "geometry": {
        "type": "Polygon",
        "coordinates": [
          [
            [
              8626290.322161365,
              2156464.7820426105
            ],
            [
              8626302.738890707,
              2156464.7820426105
            ],
            [
              8626302.738890707,
              2156477.7496995176
            ],
            [
              8626290.322161365,
              2156477.7496995176
            ],
            [
              8626290.322161365,
              2156464.7820426105
            ]
          ]
        ]
      },
      "properties": {
        "building_id": "B0151",
        "parcel_id": "P0216",
        "area": 161.02,
        "source_dataset": "Drone_Orthophoto_2024",
        "confidence_score": 0.92
      }
    },
    {
      "type": "Feature",
      "geometry": {
        "type": "Polygon",
        "coordinates": [
          [
            [
              8626329.558716275,
              2156465.4175288985
            ],
            [
              8626346.656118326,
              2156465.4175288985
            ],
            [
              8626346.656118326,
              2156479.1143569034
            ],
            [
              8626329.558716275,
              2156479.1143569034
            ],
            [
              8626329.558716275,
              2156465.4175288985
            ]
          ]
        ]
      },
      "properties": {
        "building_id": "B0152",
        "parcel_id": "P0217",
        "area": 234.18,
        "source_dataset": "Drone_Orthophoto_2024",
        "confidence_score": 0.92
      }
    },
    {
      "type": "Feature",
      "geometry": {
        "type": "Polygon",
        "coordinates": [
          [
            [
              8626489.506142829,
              2156465.6762165437
            ],
            [
              8626506.594987951,
              2156465.6762165437
            ],
            [
              8626506.594987951,
              2156479.6955292476
            ],
            [
              8626489.506142829,
              2156479.6955292476
            ],
            [
              8626489.506142829,
              2156465.6762165437
            ]
          ]
        ]
      },
      "properties": {
        "building_id": "B0153",
        "parcel_id": "P0221",
        "area": 239.57,
        "source_dataset": "Drone_Orthophoto_2024",
        "confidence_score": 0.92
      }
    },
    {
      "type": "Feature",
      "geometry": {
        "type": "Polygon",
        "coordinates": [
          [
            [
              8626527.651554955,
              2156466.12711462
            ],
            [
              8626548.926247073,
              2156466.12711462
            ],
            [
              8626548.926247073,
              2156478.8156589395
            ],
            [
              8626527.651554955,
              2156478.8156589395
            ],
            [
              8626527.651554955,
              2156466.12711462
            ]
          ]
        ]
      },
      "properties": {
        "building_id": "B0154",
        "parcel_id": "P0222",
        "area": 269.94,
        "source_dataset": "Drone_Orthophoto_2024",
        "confidence_score": 0.92
      }
    },
    {
      "type": "Feature",
      "geometry": {
        "type": "Polygon",
        "coordinates": [
          [
            [
              8626572.92615299,
              2156464.5127241313
            ],
            [
              8626586.11475075,
              2156464.5127241313
            ],
            [
              8626586.11475075,
              2156476.450275836
            ],
            [
              8626572.92615299,
              2156476.450275836
            ],
            [
              8626572.92615299,
              2156464.5127241313
            ]
          ]
        ]
      },
      "properties": {
        "building_id": "B0155",
        "parcel_id": "P0223",
        "area": 157.44,
        "source_dataset": "Drone_Orthophoto_2024",
        "confidence_score": 0.92
      }
    },
    {
      "type": "Feature",
      "geometry": {
        "type": "Polygon",
        "coordinates": [
          [
            [
              8626607.35187426,
              2156463.34475347
            ],
            [
              8626629.305511743,
              2156463.34475347
            ],
            [
              8626629.305511743,
              2156474.482328802
            ],
            [
              8626607.35187426,
              2156474.482328802
            ],
            [
              8626607.35187426,
              2156463.34475347
            ]
          ]
        ]
      },
      "properties": {
        "building_id": "B0156",
        "parcel_id": "P0224",
        "area": 244.51,
        "source_dataset": "Drone_Orthophoto_2024",
        "confidence_score": 0.92
      }
    },
    {
      "type": "Feature",
      "geometry": {
        "type": "Polygon",
        "coordinates": [
          [
            [
              8626050.142669206,
              2156497.9320785967
            ],
            [
              8626068.949154202,
              2156497.9320785967
            ],
            [
              8626068.949154202,
              2156514.596916644
            ],
            [
              8626050.142669206,
              2156514.596916644
            ],
            [
              8626050.142669206,
              2156497.9320785967
            ]
          ]
        ]
      },
      "properties": {
        "building_id": "B0157",
        "parcel_id": "P0226",
        "area": 313.41,
        "source_dataset": "Drone_Orthophoto_2024",
        "confidence_score": 0.92
      }
    },
    {
      "type": "Feature",
      "geometry": {
        "type": "Polygon",
        "coordinates": [
          [
            [
              8626127.915114082,
              2156500.4619933213
            ],
            [
              8626148.865859708,
              2156500.4619933213
            ],
            [
              8626148.865859708,
              2156515.3702112264
            ],
            [
              8626127.915114082,
              2156515.3702112264
            ],
            [
              8626127.915114082,
              2156500.4619933213
            ]
          ]
        ]
      },
      "properties": {
        "building_id": "B0158",
        "parcel_id": "P0228",
        "area": 312.34,
        "source_dataset": "Drone_Orthophoto_2024",
        "confidence_score": 0.92
      }
    },
    {
      "type": "Feature",
      "geometry": {
        "type": "Polygon",
        "coordinates": [
          [
            [
              8626167.670959208,
              2156498.1092257244
            ],
            [
              8626190.606449392,
              2156498.1092257244
            ],
            [
              8626190.606449392,
              2156512.1468101842
            ],
            [
              8626167.670959208,
              2156512.1468101842
            ],
            [
              8626167.670959208,
              2156498.1092257244
            ]
          ]
        ]
      },
      "properties": {
        "building_id": "B0159",
        "parcel_id": "P0229",
        "area": 321.96,
        "source_dataset": "Drone_Orthophoto_2024",
        "confidence_score": 0.92
      }
    },
    {
      "type": "Feature",
      "geometry": {
        "type": "Polygon",
        "coordinates": [
          [
            [
              8626209.485076947,
              2156495.727788553
            ],
            [
              8626230.86656522,
              2156495.727788553
            ],
            [
              8626230.86656522,
              2156513.5699339076
            ],
            [
              8626209.485076947,
              2156513.5699339076
            ],
            [
              8626209.485076947,
              2156495.727788553
            ]
          ]
        ]
      },
      "properties": {
        "building_id": "B0160",
        "parcel_id": "P0230",
        "area": 381.49,
        "source_dataset": "Drone_Orthophoto_2024",
        "confidence_score": 0.92
      }
    },
    {
      "type": "Feature",
      "geometry": {
        "type": "Polygon",
        "coordinates": [
          [
            [
              8626328.337030366,
              2156499.5647073337
            ],
            [
              8626348.025269246,
              2156499.5647073337
            ],
            [
              8626348.025269246,
              2156514.5768713946
            ],
            [
              8626328.337030366,
              2156514.5768713946
            ],
            [
              8626328.337030366,
              2156499.5647073337
            ]
          ]
        ]
      },
      "properties": {
        "building_id": "B0161",
        "parcel_id": "P0233",
        "area": 295.56,
        "source_dataset": "Drone_Orthophoto_2024",
        "confidence_score": 0.92
      }
    },
    {
      "type": "Feature",
      "geometry": {
        "type": "Polygon",
        "coordinates": [
          [
            [
              8626410.136299614,
              2156501.7853844073
            ],
            [
              8626429.012261886,
              2156501.7853844073
            ],
            [
              8626429.012261886,
              2156515.5504191197
            ],
            [
              8626410.136299614,
              2156515.5504191197
            ],
            [
              8626410.136299614,
              2156501.7853844073
            ]
          ]
        ]
      },
      "properties": {
        "building_id": "B0162",
        "parcel_id": "P0235",
        "area": 259.83,
        "source_dataset": "Drone_Orthophoto_2024",
        "confidence_score": 0.92
      }
    },
    {
      "type": "Feature",
      "geometry": {
        "type": "Polygon",
        "coordinates": [
          [
            [
              8626448.662887711,
              2156499.3039616174
            ],
            [
              8626464.212567698,
              2156499.3039616174
            ],
            [
              8626464.212567698,
              2156518.0323952883
            ],
            [
              8626448.662887711,
              2156518.0323952883
            ],
            [
              8626448.662887711,
              2156499.3039616174
            ]
          ]
        ]
      },
      "properties": {
        "building_id": "B0163",
        "parcel_id": "P0236",
        "area": 291.22,
        "source_dataset": "Drone_Orthophoto_2024",
        "confidence_score": 0.92
      }
    },
    {
      "type": "Feature",
      "geometry": {
        "type": "Polygon",
        "coordinates": [
          [
            [
              8626531.518276835,
              2156497.0270673665
            ],
            [
              8626548.25539603,
              2156497.0270673665
            ],
            [
              8626548.25539603,
              2156515.5727618476
            ],
            [
              8626531.518276835,
              2156515.5727618476
            ],
            [
              8626531.518276835,
              2156497.0270673665
            ]
          ]
        ]
      },
      "properties": {
        "building_id": "B0164",
        "parcel_id": "P0238",
        "area": 310.4,
        "source_dataset": "Drone_Orthophoto_2024",
        "confidence_score": 0.92
      }
    },
    {
      "type": "Feature",
      "geometry": {
        "type": "Polygon",
        "coordinates": [
          [
            [
              8626573.637740657,
              2156498.453610445
            ],
            [
              8626588.111435995,
              2156498.453610445
            ],
            [
              8626588.111435995,
              2156511.9730953933
            ],
            [
              8626573.637740657,
              2156511.9730953933
            ],
            [
              8626573.637740657,
              2156498.453610445
            ]
          ]
        ]
      },
      "properties": {
        "building_id": "B0165",
        "parcel_id": "P0239",
        "area": 195.68,
        "source_dataset": "Drone_Orthophoto_2024",
        "confidence_score": 0.92
      }
    },
    {
      "type": "Feature",
      "geometry": {
        "type": "Polygon",
        "coordinates": [
          [
            [
              8626611.811062796,
              2156499.466824781
            ],
            [
              8626629.146354869,
              2156499.466824781
            ],
            [
              8626629.146354869,
              2156513.901068671
            ],
            [
              8626611.811062796,
              2156513.901068671
            ],
            [
              8626611.811062796,
              2156499.466824781
            ]
          ]
        ]
      },
      "properties": {
        "building_id": "B0166",
        "parcel_id": "P0240",
        "area": 250.22,
        "source_dataset": "Drone_Orthophoto_2024",
        "confidence_score": 0.92
      }
    }
  ]
}