{
  "type": "FeatureCollection",
  "crs": {
    "type": "name",
    "properties": {
      "name": "EPSG:3857"
    }
  },
  "features": [
    {
      "type": "Feature",
      "geometry": {
        "type": "Polygon",
        "coordinates": [
          [
            [
              8626000.557707194,
              2155998.1000430207
            ],
            [
              8626037.207883105,
              2155998.809456663
            ],
            [
              8626037.737981567,
              2156029.4393074494
            ],
            [
              8626000.557707194,
              2156030.6158461524
            ],
            [
              8626000.557707194,
              2155998.1000430207
            ]
          ]
        ]
      },
      "properties": {
        "parcel_id": "P0001",
        "survey_number": "SURVEY/01/001",
        "owner_reference": "Priya Nair",
        "land_use": "Agricultural",
        "area": 1165.58,
        "source_dataset": "Cadastral_Revenue_Map_2024",
        "confidence_score": 0.95
      }
    },
    {
      "type": "Feature",
      "geometry": {
        "type": "Polygon",
        "coordinates": [
          [
            [
              8626040.244980251,
              2156000.864078452
            ],
            [
              8626079.452930093,
              2156000.7117055906
            ],
            [
              8626078.787502218,
              2156033.3811973776
            ],
            [
              8626040.244980251,
              2156034.48909834
            ],
            [
              8626040.244980251,
              2156000.864078452
            ]
          ]
        ]
      },
      "properties": {
        "parcel_id": "P0002",
        "survey_number": "SURVEY/01/002",
        "owner_reference": "Amit Gupta",
        "land_use": "Industrial",
        "area": 1288.4,
        "source_dataset": "Cadastral_Revenue_Map_2024",
        "confidence_score": 0.95
      }
    },
    {
      "type": "Feature",
      "geometry": {
        "type": "Polygon",
        "coordinates": [
          [
            [
              8626079.519709203,
              2155999.435917522
            ],
            [
              8626116.583443537,
              2155998.0662688506
            ],
            [
              8626116.461718176,
              2156031.023042725
            ],
            [
              8626079.519709203,
              2156029.8975212136
            ],
            [
              8626079.519709203,
              2155999.435917522
            ]
          ]
        ]
      },
      "properties": {
        "parcel_id": "P0003",
        "survey_number": "SURVEY/01/003",
        "owner_reference": "Suresh Verma",
        "land_use": "Public/Government",
        "area": 1173.32,
        "source_dataset": "Cadastral_Revenue_Map_2024",
        "confidence_score": 0.95
      }
    },
    {
      "type": "Feature",
      "geometry": {
        "type": "Polygon",
        "coordinates": [
          [
            [
              8626118.76915436,
              2155998.2782205953
            ],
            [
              8626157.736734271,
              2155999.7338851574
            ],
            [
              8626158.802687434,
              2156032.91663064
            ],
            [
              8626118.76915436,
              2156034.0160816405
            ],
            [
              8626118.76915436,
              2155998.2782205953
            ]
          ]
        ]
      },
      "properties": {
        "parcel_id": "P0004",
        "survey_number": "SURVEY/01/004",
        "owner_reference": "Suresh Rao",
        "land_use": "Agricultural",
        "area": 1361.11,
        "source_dataset": "Cadastral_Revenue_Map_2024",
        "confidence_score": 0.95
      }
    },
    {
      "type": "Feature",
      "geometry": {
        "type": "Polygon",
        "coordinates": [
          [
            [
              8626159.067911288,
              2156001.746618351
            ],
            [
              8626197.9561236,
              2156000.7600342957
            ],
            [
              8626198.643503994,
              2156035.401404385
            ],
            [
              8626159.067911288,
              2156034.391611866
            ],
            [
              8626159.067911288,
              2156001.746618351
            ]
          ]
        ]
      },
      "properties": {
        "parcel_id": "P0005",
        "survey_number": "SURVEY/01/005",
        "owner_reference": "Suresh Rao",
        "land_use": "Vacant/Open Land",
        "area": 1319.88,
        "source_dataset": "Cadastral_Revenue_Map_2024",
        "confidence_score": 0.95
      }
    },
    {
      "type": "Feature",
      "geometry": {
        "type": "Polygon",
        "coordinates": [
          [
            [
              8626198.22375179,
              2156001.287210376
            ],
            [
              8626238.054026596,
              2155999.9857761916
            ],
            [
              8626239.293434968,
              2156033.6941990983
            ],
            [
              8626198.22375179,
              2156033.8957392527
            ],
            [
              8626198.22375179,
              2156001.287210376
            ]
          ]
        ]
      },
      "properties": {
        "parcel_id": "P0006",
        "survey_number": "SURVEY/01/006",
        "owner_reference": "Ananya Singh",
        "land_use": "Vacant/Open Land",
        "area": 1341.73,
        "source_dataset": "Cadastral_Revenue_Map_2024",
        "confidence_score": 0.95
      }
    },
    {
      "type": "Feature",
      "geometry": {
        "type": "Polygon",
        "coordinates": [
          [
            [
              8626238.558521278,
              2156000.9799559284
            ],
            [
              8626276.792385016,
              2156000.7652574102
            ],
            [
              8626277.04298379,
              2156035.4620387983
            ],
            [
              8626238.558521278,
              2156035.0480281296
            ],
            [
              8626238.558521278,
              2156000.9799559284
            ]
          ]
        ]
      },
      "properties": {
        "parcel_id": "P0007",
        "survey_number": "SURVEY/01/007",
        "owner_reference": "Amit Kulkarni",
        "land_use": "Agricultural",
        "area": 1318.87,
        "source_dataset": "Cadastral_Revenue_Map_2024",
        "confidence_score": 0.95
      }
    },
    {
      "type": "Feature",
      "geometry": {
        "type": "Polygon",
        "coordinates": [
          [
            [
              8626281.168317458,
              2155999.688639867
            ],
            [
              8626316.549483694,
              2156001.1770040076
            ],
            [
              8626316.63682673,
              2156031.978355586
            ],
            [
              8626281.168317458,
              2156033.391590719
            ],
            [
              8626281.168317458,
              2155999.688639867
            ]
          ]
        ]
      },
      "properties": {
        "parcel_id": "P0008",
        "survey_number": "SURVEY/01/008",
        "owner_reference": "Rajesh Verma",
        "land_use": "Vacant/Open Land",
        "area": 1142.53,
        "source_dataset": "Cadastral_Revenue_Map_2024",
        "confidence_score": 0.95
      }
    },
    {
      "type": "Feature",
      "geometry": {
        "type": "Polygon",
        "coordinates": [
          [
            [
              8626321.07439493,
              2155999.360701892
            ],
            [
              8626357.835395701,
              2155997.8704378405
            ],
            [
              8626358.501671886,
              2156030.3096484183
            ],
            [
              8626321.07439493,
              2156030.968690425
            ],
            [
              8626321.07439493,
              2155999.360701892
            ]
          ]
        ]
      },
      "properties": {
        "parcel_id": "P0009",
        "survey_number": "SURVEY/01/009",
        "owner_reference": "Ramesh Patel",
        "land_use": "Public/Government",
        "area": 1188.25,
        "source_dataset": "Cadastral_Revenue_Map_2024",
        "confidence_score": 0.95
      }
    },
    {
      "type": "Feature",
      "geometry": {
        "type": "Polygon",
        "coordinates": [
          [
            [
              8626359.193779165,
              2156000.5557979792
            ],
            [
              8626397.847600434,
              2156001.3433303796
            ],
            [
              8626397.965737524,
              2156031.4728335906
            ],
            [
              8626359.193779165,
              2156032.3087130263
            ],
            [
              8626359.193779165,
              2156000.5557979792
            ]
          ]
        ]
      },
      "properties": {
        "parcel_id": "P0010",
        "survey_number": "SURVEY/01/010",
        "owner_reference": "Ramesh Sharma",
        "land_use": "Public/Government",
        "area": 1197.83,
        "source_dataset": "Cadastral_Revenue_Map_2024",
        "confidence_score": 0.95
      }
    },
    {
      "type": "Feature",
      "geometry": {
        "type": "Polygon",
        "coordinates": [
          [
            [
              8626401.326662118,
              2155999.2300565015
            ],
            [
              8626436.674213117,
              2156000.5709048375
            ],
            [
              8626435.431173474,
              2156034.4981140965
            ],
            [
              8626401.326662118,
              2156034.4560854863
            ],
            [
              8626401.326662118,
              2155999.2300565015
            ]
          ]
        ]
      },
      "properties": {
        "parcel_id": "P0011",
        "survey_number": "SURVEY/01/011",
        "owner_reference": "Priya Kulkarni",
        "land_use": "Commercial",
        "area": 1201.14,
        "source_dataset": "Cadastral_Revenue_Map_2024",
        "confidence_score": 0.95
      }
    },
    {
      "type": "Feature",
      "geometry": {
        "type": "Polygon",
        "coordinates": [
          [
            [
              8626441.489732165,
              2155999.692551761
            ],
            [
              8626477.760521397,
              2156000.382344968
            ],
            [
              8626476.863974588,
              2156032.928328294
            ],
            [
              8626441.489732165,
              2156032.3634771677
            ],
            [
              8626441.489732165,
              2155999.692551761
            ]
          ]
        ]
      },
      "properties": {
        "parcel_id": "P0012",
        "survey_number": "SURVEY/01/012",
        "owner_reference": "Ananya Deshmukh",
        "land_use": "Public/Government",
        "area": 1460.5,
        "source_dataset": "Cadastral_Revenue_Map_2024",
        "confidence_score": 0.65
      }
    },
    {
      "type": "Feature",
      "geometry": {
        "type": "Polygon",
        "coordinates": [
          [
            [
              8626480.21568609,
              2156000.3537604576
            ],
            [
              8626515.258831125,
              2155999.030381758
            ],
            [
              8626513.96103211,
              2156034.600806137
            ],
            [
              8626480.21568609,
              2156033.195045011
            ],
            [
              8626480.21568609,
              2156000.3537604576
            ]
          ]
        ]
      },
      "properties": {
        "parcel_id": "P0013",
        "survey_number": "SURVEY/01/013",
        "owner_reference": "Ananya Verma",
        "land_use": "Public/Government",
        "area": 1176.51,
        "source_dataset": "Cadastral_Revenue_Map_2024",
        "confidence_score": 0.95
      }
    },
    {
      "type": "Feature",
      "geometry": {
        "type": "Polygon",
        "coordinates": [
          [
            [
              8626521.742056962,
              2156000.2841723734
            ],
            [
              8626559.57808312,
              2156001.206663367
            ],
            [
              8626558.649312863,
              2156034.991888919
            ],
            [
              8626521.742056962,
              2156033.782681362
            ],
            [
              8626521.742056962,
              2156000.2841723734
            ]
          ]
        ]
      },
      "properties": {
        "parcel_id": "P0014",
        "survey_number": "SURVEY/01/014",
        "owner_reference": "Suresh Joshi",
        "land_use": "Agricultural",
        "area": 1257.75,
        "source_dataset": "Cadastral_Revenue_Map_2024",
        "confidence_score": 0.95
      }
    },
    {
      "type": "Feature",
      "geometry": {
        "type": "Polygon",
        "coordinates": [
          [
            [
              8626560.584719006,
              2155998.2424506964
            ],
            [
              8626599.954000536,
              2155997.070257793
            ],
            [
              8626599.028770752,
              2156033.0460057617
            ],
            [
              8626560.584719006,
              2156033.1548630237
            ],
            [
              8626560.584719006,
              2155998.2424506964
            ]
          ]
        ]
      },
      "properties": {
        "parcel_id": "P0015",
        "survey_number": "SURVEY/01/015",
        "owner_reference": "Amit Gupta",
        "land_use": "Commercial",
        "area": 1378.71,
        "source_dataset": "Cadastral_Revenue_Map_2024",
        "confidence_score": 0.95
      }
    },
    {
      "type": "Feature",
      "geometry": {
        "type": "Polygon",
        "coordinates": [
          [
            [
              8626601.44539642,
              2156000.2013012497
            ],
            [
              8626636.748926397,
              2156001.209384005
            ],
            [
              8626638.155915169,
              2156036.19699606
            ],
            [
              8626601.44539642,
              2156037.476097009
            ],
            [
              8626601.44539642,
              2156000.2013012497
            ]
          ]
        ]
      },
      "properties": {
        "parcel_id": "P0016",
        "survey_number": "SURVEY/01/016",
        "owner_reference": "Sunita Patel",
        "land_use": "Agricultural",
        "area": 1301.07,
        "source_dataset": "Cadastral_Revenue_Map_2024",
        "confidence_score": 0.95
      }
    },
    {
      "type": "Feature",
      "geometry": {
        "type": "Polygon",
        "coordinates": [
          [
            [
              8625999.515892476,
              2156036.941235375
            ],
            [
              8626036.107110824,
              2156036.8062604773
            ],
            [
              8626035.876133282,
              2156071.6456589866
            ],
            [
              8625999.515892476,
              2156073.017611909
            ],
            [
              8625999.515892476,
              2156036.941235375
            ]
          ]
        ]
      },
      "properties": {
        "parcel_id": "P0017",
        "survey_number": "SURVEY/02/001",
        "owner_reference": "Ramesh Deshmukh",
        "land_use": "Commercial",
        "area": 1293.27,
        "source_dataset": "Cadastral_Revenue_Map_2024",
        "confidence_score": 0.95
      }
    },
    {
      "type": "Feature",
      "geometry": {
        "type": "Polygon",
        "coordinates": [
          [
            [
              8626038.243830286,
              2156034.2544192392
            ],
            [
              8626073.54468431,
              2156035.5125806318
            ],
            [
              8626073.638062716,
              2156067.1151503418
            ],
            [
              8626038.243830286,
              2156065.785789081
            ],
            [
              8626038.243830286,
              2156034.2544192392
            ]
          ]
        ]
      },
      "properties": {
        "parcel_id": "P0018",
        "survey_number": "SURVEY/02/002",
        "owner_reference": "Ramesh Verma",
        "land_use": "Commercial",
        "area": 1115.75,
        "source_dataset": "Cadastral_Revenue_Map_2024",
        "confidence_score": 0.95
      }
    },
    {
      "type": "Feature",
      "geometry": {
        "type": "Polygon",
        "coordinates": [
          [
            [
              8626081.766384508,
              2156035.2787016407
            ],
            [
              8626120.239898853,
              2156034.024651857
            ],
            [
              8626120.712018346,
              2156065.517151614
            ],
            [
              8626081.766384508,
              2156065.7128323857
            ],
            [
              8626081.766384508,
              2156035.2787016407
            ]
          ]
        ]
      },
      "properties": {
        "parcel_id": "P0019",
        "survey_number": "SURVEY/02/003",
        "owner_reference": "Ananya Rao",
        "land_use": "Commercial",
        "area": 1198.75,
        "source_dataset": "Cadastral_Revenue_Map_2024",
        "confidence_score": 0.95
      }
    },
    {
      "type": "Feature",
      "geometry": {
        "type": "Polygon",
        "coordinates": [
          [
            [
              8626120.582003156,
              2156034.82889829
            ],
            [
              8626161.156113146,
              2156033.356844661
            ],
            [
              8626161.519590912,
              2156070.443304015
            ],
            [
              8626120.582003156,
              2156070.632284952
            ],
            [
              8626120.582003156,
              2156034.82889829
            ]
          ]
        ]
      },
      "properties": {
        "parcel_id": "P0020",
        "survey_number": "SURVEY/02/004",
        "owner_reference": "Priya Verma",
        "land_use": "Public/Government",
        "area": 1485.49,
        "source_dataset": "Cadastral_Revenue_Map_2024",
        "confidence_score": 0.95
      }
    },
    {
      "type": "Feature",
      "geometry": {
        "type": "Polygon",
        "coordinates": [
          [
            [
              8626161.51708097,
              2156034.478108355
            ],
            [
              8626197.463561965,
              2156035.0887281303
            ],
            [
              8626197.798595263,
              2156069.4805780826
            ],
            [
              8626161.51708097,
              2156070.9422772736
            ],
            [
              8626161.51708097,
              2156034.478108355
            ]
          ]
        ]
      },
      "properties": {
        "parcel_id": "P0021",
        "survey_number": "SURVEY/02/005",
        "owner_reference": "Ramesh Sharma",
        "land_use": "Vacant/Open Land",
        "area": 1279.52,
        "source_dataset": "Cadastral_Revenue_Map_2024",
        "confidence_score": 0.95
      }
    },
    {
      "type": "Feature",
      "geometry": {
        "type": "Polygon",
        "coordinates": [
          [
            [
              8626200.65355486,
              2156036.7557200156
            ],
            [
              8626236.459301546,
              2156035.576827949
            ],
            [
              8626236.61897247,
              2156067.448292038
            ],
            [
              8626200.65355486,
              2156066.765336675
            ],
            [
              8626200.65355486,
              2156036.7557200156
            ]
          ]
        ]
      },
      "properties": {
        "parcel_id": "P0022",
        "survey_number": "SURVEY/02/006",
        "owner_reference": "Kavita Singh",
        "land_use": "Vacant/Open Land",
        "area": 1110.34,
        "source_dataset": "Cadastral_Revenue_Map_2024",
        "confidence_score": 0.95
      }
    },
    {
      "type": "Feature",
      "geometry": {
        "type": "Polygon",
        "coordinates": [
          [
            [
              8626239.004485007,
              2156036.632636185
            ],
            [
              8626274.309278369,
              2156037.620680453
            ],
            [
              8626272.941538654,
              2156070.438342869
            ],
            [
              8626239.004485007,
              2156069.9390124846
            ],
            [
              8626239.004485007,
              2156036.632636185
            ]
          ]
        ]
      },
      "properties": {
        "parcel_id": "P0023",
        "survey_number": "SURVEY/02/007",
        "owner_reference": "Amit Rao",
        "land_use": "Commercial",
        "area": 1145.15,
        "source_dataset": "Cadastral_Revenue_Map_2024",
        "confidence_score": 0.95
      }
    },
    {
      "type": "Feature",
      "geometry": {
        "type": "Polygon",
        "coordinates": [
          [
            [
              8626279.710747676,
              2156033.0386787984
            ],
            [
              8626315.162210837,
              2156034.250464513
            ],
            [
              8626315.298981704,
              2156068.337317158
            ],
            [
              8626279.710747676,
              2156069.341102218
            ],
            [
              8626279.710747676,
              2156033.0386787984
            ]
          ]
        ]
      },
      "properties": {
        "parcel_id": "P0024",
        "survey_number": "SURVEY/02/008",
        "owner_reference": "Kavita Kulkarni",
        "land_use": "Commercial",
        "area": 1250.1,
        "source_dataset": "Cadastral_Revenue_Map_2024",
        "confidence_score": 0.95
      }
    },
    {
      "type": "Feature",
      "geometry": {
        "type": "Polygon",
        "coordinates": [
          [
            [
              8626321.88878506,
              2156033.1595795127
            ],
            [
              8626359.035640454,
              2156033.6603797446
            ],
            [
              8626358.596676357,
              2156067.2519796425
            ],
            [
              8626321.88878506,
              2156067.4316302
            ],
            [
              8626321.88878506,
              2156033.1595795127
            ]
          ]
        ]
      },
      "properties": {
        "parcel_id": "P0025",
        "survey_number": "SURVEY/02/009",
        "owner_reference": null,
        "land_use": "Vacant/Open Land",
        "area": 1253.05,
        "source_dataset": "Cadastral_Revenue_Map_2024",
        "confidence_score": 0.65
      }
    },
    {
      "type": "Feature",
      "geometry": {
        "type": "Polygon",
        "coordinates": [
          [
            [
              8626361.24308688,
              2156036.5256648185
            ],
            [
              8626396.39180505,
              2156036.0222212225
            ],
            [
              8626397.68425271,
              2156070.945051649
            ],
            [
              8626361.24308688,
              2156071.851757066
            ],
            [
              8626361.24308688,
              2156036.5256648185
            ]
          ]
        ]
      },
      "properties": {
        "parcel_id": "P0026",
        "survey_number": "SURVEY/02/010",
        "owner_reference": "Sunita Rao",
        "land_use": "Commercial",
        "area": 1257.73,
        "source_dataset": "Cadastral_Revenue_Map_2024",
        "confidence_score": 0.95
      }
    },
    {
      "type": "Feature",
      "geometry": {
        "type": "Polygon",
        "coordinates": [
          [
            [
              8626401.488667132,
              2156036.4343730053
            ],
            [
              8626437.823269438,
              2156036.3152827094
            ],
            [
              8626437.23884204,
              2156071.333892639
            ],
            [
              8626401.488667132,
              2156072.2199291363
            ],
            [
              8626401.488667132,
              2156036.4343730053
            ]
          ]
        ]
      },
      "properties": {
        "parcel_id": "P0027",
        "survey_number": "SURVEY/02/011",
        "owner_reference": "Sunita Singh",
        "land_use": "Residential",
        "area": 1275.83,
        "source_dataset": "Cadastral_Revenue_Map_2024",
        "confidence_score": 0.95
      }
    },
    {
      "type": "Feature",
      "geometry": {
        "type": "Polygon",
        "coordinates": [
          [
            [
              8626441.093306549,
              2156034.4045845163
            ],
            [
              8626479.149740603,
              2156035.4355680062
            ],
            [
              8626478.643190207,
              2156068.4816932264
            ],
            [
              8626441.093306549,
              2156067.064494832
            ],
            [
              8626441.093306549,
              2156034.4045845163
            ]
          ]
        ]
      },
      "properties": {
        "parcel_id": "P0028",
        "survey_number": "SURVEY/02/012",
        "owner_reference": "Vikram Patel",
        "land_use": "Public/Government",
        "area": 1242.26,
        "source_dataset": "Cadastral_Revenue_Map_2024",
        "confidence_score": 0.95
      }
    },
    {
      "type": "Feature",
      "geometry": {
        "type": "Polygon",
        "coordinates": [
          [
            [
              8626478.43361019,
              2156034.738255034
            ],
            [
              8626517.804880554,
              2156035.056881594
            ],
            [
              8626517.839149732,
              2156066.6203189194
            ],
            [
              8626478.43361019,
              2156066.2759052194
            ],
            [
              8626478.43361019,
              2156034.738255034
            ]
          ]
        ]
      },
      "properties": {
        "parcel_id": "P0029",
        "survey_number": "SURVEY/02/013",
        "owner_reference": "Kavita Singh",
        "land_use": "Industrial",
        "area": 1242.72,
        "source_dataset": "Cadastral_Revenue_Map_2024",
        "confidence_score": 0.95
      }
    },
    {
      "type": "Feature",
      "geometry": {
        "type": "Polygon",
        "coordinates": [
          [
            [
              8626520.747428589,
              2156036.7610524814
            ],
            [
              8626560.16965475,
              2156036.55494468
            ],
            [
              8626561.516278207,
              2156067.943263256
            ],
            [
              8626520.747428589,
              2156069.2055758247
            ],
            [
              8626520.747428589,
              2156036.7610524814
            ]
          ]
        ]
      },
      "properties": {
        "parcel_id": "P0030",
        "survey_number": "SURVEY/02/014",
        "owner_reference": "Kavita Joshi",
        "land_use": "Vacant/Open Land",
        "area": 1280.2,
        "source_dataset": "Cadastral_Revenue_Map_2024",
        "confidence_score": 0.95
      }
    },
    {
      "type": "Feature",
      "geometry": {
        "type": "Polygon",
        "coordinates": [
          [
            [
              8626559.201289073,
              2156034.237138649
            ],
            [
              8626596.651646525,
              2156033.6241042567
            ],
            [
              8626595.533509921,
              2156066.6515409714
            ],
            [
              8626559.201289073,
              2156066.4128799727
            ],
            [
              8626559.201289073,
              2156034.237138649
            ]
          ]
        ]
      },
      "properties": {
        "parcel_id": "P0031",
        "survey_number": "SURVEY/02/015",
        "owner_reference": "Suresh Patel",
        "land_use": "Public/Government",
        "area": 1202.61,
        "source_dataset": "Cadastral_Revenue_Map_2024",
        "confidence_score": 0.95
      }
    },
    {
      "type": "Feature",
      "geometry": {
        "type": "Polygon",
        "coordinates": [
          [
            [
              8626598.84073074,
              2156036.14303531
            ],
            [
              8626637.480700163,
              2156035.9683933603
            ],
            [
              8626638.007581864,
              2156068.0765306884
            ],
            [
              8626598.84073074,
              2156068.110052679
            ],
            [
              8626598.84073074,
              2156036.14303531
            ]
          ]
        ]
      },
      "properties": {
        "parcel_id": "P0032",
        "survey_number": "SURVEY/02/016",
        "owner_reference": "Amit Verma",
        "land_use": "Industrial",
        "area": 1246.4,
        "source_dataset": "Cadastral_Revenue_Map_2024",
        "confidence_score": 0.95
      }
    },
    {
      "type": "Feature",
      "geometry": {
        "type": "Polygon",
        "coordinates": [
          [
            [
              8626001.00455255,
              2156070.6911826823
            ],
            [
              8626037.352396546,
              2156069.2644588454
            ],
            [
              8626036.586924179,
              2156101.8859622786
            ],
            [
              8626001.00455255,
              2156101.811371311
            ],
            [
              8626001.00455255,
              2156070.6911826823
            ]
          ]
        ]
      },
      "properties": {
        "parcel_id": "P0033",
        "survey_number": "SURVEY/03/001",
        "owner_reference": "Priya Deshmukh",
        "land_use": "Agricultural",
        "area": 1145.98,
        "source_dataset": "Cadastral_Revenue_Map_2024",
        "confidence_score": 0.95
      }
    },
    {
      "type": "Feature",
      "geometry": {
        "type": "Polygon",
        "coordinates": [
          [
            [
              8626040.873383662,
              2156069.5359138697
            ],
            [
              8626078.27130084,
              2156070.098781109
            ],
            [
              8626079.449280318,
              2156100.4213419403
            ],
            [
              8626040.873383662,
              2156101.5026636366
            ],
            [
              8626040.873383662,
              2156069.5359138697
            ]
          ]
        ]
      },
      "properties": {
        "parcel_id": "P0034",
        "survey_number": "SURVEY/03/002",
        "owner_reference": "Priya Gupta",
        "land_use": "Commercial",
        "area": 1183.24,
        "source_dataset": "Cadastral_Revenue_Map_2024",
        "confidence_score": 0.95
      }
    },
    {
      "type": "Feature",
      "geometry": {
        "type": "Polygon",
        "coordinates": [
          [
            [
              8626078.99679312,
              2156071.3933453895
            ],
            [
              8626116.735564072,
              2156071.896078587
            ],
            [
              8626118.199241431,
              2156106.201845
            ],
            [
              8626078.99679312,
              2156106.4882019553
            ],
            [
              8626078.99679312,
              2156071.3933453895
            ]
          ]
        ]
      },
      "properties": {
        "parcel_id": "P0035",
        "survey_number": "SURVEY/03/003",
        "owner_reference": "Meena Nair",
        "land_use": "Vacant/Open Land",
        "area": 1334.86,
        "source_dataset": "Cadastral_Revenue_Map_2024",
        "confidence_score": 0.95
      }
    },
    {
      "type": "Feature",
      "geometry": {
        "type": "Polygon",
        "coordinates": [
          [
            [
              8626121.627418922,
              2156069.783654448
            ],
            [
              8626157.582366368,
              2156069.6338637196
            ],
            [
              8626158.337696727,
              2156104.952623907
            ],
            [
              8626121.627418922,
              2156105.9722125707
            ],
            [
              8626121.627418922,
              2156069.783654448
            ]
          ]
        ]
      },
      "properties": {
        "parcel_id": "P0036",
        "survey_number": "SURVEY/03/004",
        "owner_reference": "Vikram Kulkarni",
        "land_use": "Agricultural",
        "area": 1299.24,
        "source_dataset": "Cadastral_Revenue_Map_2024",
        "confidence_score": 0.95
      }
    },
    {
      "type": "Feature",
      "geometry": {
        "type": "Polygon",
        "coordinates": [
          [
            [
              8626159.086860428,
              2156069.2788382736
            ],
            [
              8626197.327773763,
              2156068.4726227126
            ],
            [
              8626197.9096232,
              2156100.1090826425
            ],
            [
              8626159.086860428,
              2156100.7283400674
            ],
            [
              8626159.086860428,
              2156069.2788382736
            ]
          ]
        ]
      },
      "properties": {
        "parcel_id": "P0037",
        "survey_number": "SURVEY/03/005",
        "owner_reference": "Priya Gupta",
        "land_use": "Agricultural",
        "area": 1215.62,
        "source_dataset": "Cadastral_Revenue_Map_2024",
        "confidence_score": 0.95
      }
    },
    {
      "type": "Feature",
      "geometry": {
        "type": "Polygon",
        "coordinates": [
          [
            [
              8626199.55790725,
              2156071.079183089
            ],
            [
              8626240.234279452,
              2156072.2211531075
            ],
            [
              8626240.461350493,
              2156101.1963748294
            ],
            [
              8626199.55790725,
              2156101.127314027
            ],
            [
              8626199.55790725,
              2156071.079183089
            ]
          ]
        ]
      },
      "properties": {
        "parcel_id": "P0038",
        "survey_number": "SURVEY/03/006",
        "owner_reference": "Ananya Rao",
        "land_use": "Agricultural",
        "area": 1203.71,
        "source_dataset": "Cadastral_Revenue_Map_2024",
        "confidence_score": 0.95
      }
    },
    {
      "type": "Feature",
      "geometry": {
        "type": "Polygon",
        "coordinates": [
          [
            [
              8626239.676085131,
              2156070.990062676
            ],
            [
              8626277.95287899,
              2156070.1516787587
            ],
            [
              8626277.111143893,
              2156104.6095782095
            ],
            [
              8626239.676085131,
              2156104.4170861375
            ],
            [
              8626239.676085131,
              2156070.990062676
            ]
          ]
        ]
      },
      "properties": {
        "parcel_id": "P0039",
        "survey_number": "SURVEY/03/007",
        "owner_reference": "Rajesh Gupta",
        "land_use": "Industrial",
        "area": 1284.79,
        "source_dataset": "Cadastral_Revenue_Map_2024",
        "confidence_score": 0.95
      }
    },
    {
      "type": "Feature",
      "geometry": {
        "type": "Polygon",
        "coordinates": [
          [
            [
              8626281.678166483,
              2156071.92288791
            ],
            [
              8626319.88290826,
              2156072.198566237
            ],
            [
              8626320.37190753,
              2156107.3644610858
            ],
            [
              8626281.678166483,
              2156106.1163034723
            ],
            [
              8626281.678166483,
              2156071.92288791
            ]
          ]
        ]
      },
      "properties": {
        "parcel_id": "P0040",
        "survey_number": "SURVEY/03/008",
        "owner_reference": "Suresh Patel",
        "land_use": "Agricultural",
        "area": 1333.22,
        "source_dataset": "Cadastral_Revenue_Map_2024",
        "confidence_score": 0.95
      }
    },
    {
      "type": "Feature",
      "geometry": {
        "type": "Polygon",
        "coordinates": [
          [
            [
              8626319.350002192,
              2156071.518559944
            ],
            [
              8626356.019541886,
              2156071.283254424
            ],
            [
              8626357.02427463,
              2156107.225784663
            ],
            [
              8626319.350002192,
              2156107.136705172
            ],
            [
              8626319.350002192,
              2156071.518559944
            ]
          ]
        ]
      },
      "properties": {
        "parcel_id": "P0041",
        "survey_number": "SURVEY/03/009",
        "owner_reference": "Ramesh Sharma",
        "land_use": "Industrial",
        "area": 1330.06,
        "source_dataset": "Cadastral_Revenue_Map_2024",
        "confidence_score": 0.95
      }
    },
    {
      "type": "Feature",
      "geometry": {
        "type": "Polygon",
        "coordinates": [
          [
            [
              8626358.124119995,
              2156068.989133215
            ],
            [
              8626398.159493072,
              2156102.7171471547
            ],
            [
              8626398.159493072,
              2156068.989133215
            ],
            [
              8626358.124119995,
              2156102.7171471547
            ],
            [
              8626358.124119995,
              2156068.989133215
            ]
          ]
        ]
      },
      "properties": {
        "parcel_id": "P0042",
        "survey_number": "SURVEY/03/010",
        "owner_reference": "Sunita Deshmukh",
        "land_use": "Vacant/Open Land",
        "area": 1341.53,
        "source_dataset": "Cadastral_Revenue_Map_2024",
        "confidence_score": 0.65
      }
    },
    {
      "type": "Feature",
      "geometry": {
        "type": "Polygon",
        "coordinates": [
          [
            [
              8626400.42357077,
              2156071.8549389765
            ],
            [
              8626439.733714143,
              2156070.846236407
            ],
            [
              8626439.166830901,
              2156106.5216902937
            ],
            [
              8626400.42357077,
              2156106.757744491
            ],
            [
              8626400.42357077,
              2156071.8549389765
            ]
          ]
        ]
      },
      "properties": {
        "parcel_id": "P0043",
        "survey_number": "SURVEY/03/011",
        "owner_reference": "Vikram Nair",
        "land_use": "Vacant/Open Land",
        "area": 1377.04,
        "source_dataset": "Cadastral_Revenue_Map_2024",
        "confidence_score": 0.95
      }
    },
    {
      "type": "Feature",
      "geometry": {
        "type": "Polygon",
        "coordinates": [
          [
            [
              8626441.765882393,
              2156068.7933191084
            ],
            [
              8626480.318469562,
              2156068.02186725
            ],
            [
              8626480.910048569,
              2156103.776748911
            ],
            [
              8626441.765882393,
              2156103.1814969676
            ],
            [
              8626441.765882393,
              2156068.7933191084
            ]
          ]
        ]
      },
      "properties": {
        "parcel_id": "P0044",
        "survey_number": "SURVEY/03/012",
        "owner_reference": "Kavita Verma",
        "land_use": "Public/Government",
        "area": 1362.5,
        "source_dataset": "Cadastral_Revenue_Map_2024",
        "confidence_score": 0.95
      }
    },
    {
      "type": "Feature",
      "geometry": {
        "type": "Polygon",
        "coordinates": [
          [
            [
              8626479.713512054,
              2156069.4822835047
            ],
            [
              8626517.749276793,
              2156070.5310103856
            ],
            [
              8626518.716269547,
              2156101.5296705537
            ],
            [
              8626479.713512054,
              2156100.346287166
            ],
            [
              8626479.713512054,
              2156069.4822835047
            ]
          ]
        ]
      },
      "properties": {
        "parcel_id": "P0045",
        "survey_number": "SURVEY/03/013",
        "owner_reference": "Ananya Deshmukh",
        "land_use": "Vacant/Open Land",
        "area": 1190.91,
        "source_dataset": "Cadastral_Revenue_Map_2024",
        "confidence_score": 0.95
      }
    },
    {
      "type": "Feature",
      "geometry": {
        "type": "Polygon",
        "coordinates": [
          [
            [
              8626520.463649416,
              2156071.6784706274
            ],
            [
              8626560.11149812,
              2156072.6556744226
            ],
            [
              8626560.388921976,
              2156104.4677132573
            ],
            [
              8626520.463649416,
              2156103.9346270063
            ],
            [
              8626520.463649416,
              2156071.6784706274
            ]
          ]
        ]
      },
      "properties": {
        "parcel_id": "P0046",
        "survey_number": "SURVEY/03/014",
        "owner_reference": "Sunita Verma",
        "land_use": "Industrial",
        "area": 1274.42,
        "source_dataset": "Cadastral_Revenue_Map_2024",
        "confidence_score": 0.95
      }
    },
    {
      "type": "Feature",
      "geometry": {
        "type": "Polygon",
        "coordinates": [
          [
            [
              8626559.858833866,
              2156070.441326817
            ],
            [
              8626597.13276969,
              2156071.494185326
            ],
            [
              8626596.178289263,
              2156100.6135268034
            ],
            [
              8626559.858833866,
              2156099.749886354
            ],
            [
              8626559.858833866,
              2156070.441326817
            ]
          ]
        ]
      },
      "properties": {
        "parcel_id": "P0047",
        "survey_number": "SURVEY/03/015",
        "owner_reference": "Vikram Joshi",
        "land_use": "Industrial",
        "area": 1075.43,
        "source_dataset": "Cadastral_Revenue_Map_2024",
        "confidence_score": 0.95
      }
    },
    {
      "type": "Feature",
      "geometry": {
        "type": "Polygon",
        "coordinates": [
          [
            [
              8626599.105074303,
              2156068.0406044577
            ],
            [
              8626639.79344977,
              2156068.7008284503
            ],
            [
              8626639.759183312,
              2156098.5542822294
            ],
            [
              8626599.105074303,
              2156099.32877619
            ],
            [
              8626599.105074303,
              2156068.0406044577
            ]
          ]
        ]
      },
      "properties": {
        "parcel_id": "P0048",
        "survey_number": "SURVEY/03/016",
        "owner_reference": "Meena Deshmukh",
        "land_use": "Agricultural",
        "area": 1243.35,
        "source_dataset": "Cadastral_Revenue_Map_2024",
        "confidence_score": 0.95
      }
    },
    {
      "type": "Feature",
      "geometry": {
        "type": "Polygon",
        "coordinates": [
          [
            [
              8625998.886385601,
              2156105.7671486214
            ],
            [
              8626035.723621782,
              2156105.686930088
            ],
            [
              8626035.816387575,
              2156139.256482133
            ],
            [
              8625998.886385601,
              2156139.0329935714
            ],
            [
              8625998.886385601,
              2156105.7671486214
            ]
          ]
        ]
      },
      "properties": {
        "parcel_id": "P0049",
        "survey_number": "SURVEY/04/001",
        "owner_reference": "Ramesh Joshi",
        "land_use": "Industrial",
        "area": 1232.56,
        "source_dataset": "Cadastral_Revenue_Map_2024",
        "confidence_score": 0.95
      }
    },
    {
      "type": "Feature",
      "geometry": {
        "type": "Polygon",
        "coordinates": [
          [
            [
              8626039.005614705,
              2156103.482623539
            ],
            [
              8626075.161120467,
              2156103.5902154353
            ],
            [
              8626075.947689295,
              2156134.1999519863
            ],
            [
              8626039.005614705,
              2156133.2554015135
            ],
            [
              8626039.005614705,
              2156103.482623539
            ]
          ]
        ]
      },
      "properties": {
        "parcel_id": "P0050",
        "survey_number": "SURVEY/04/002",
        "owner_reference": "Sunita Deshmukh",
        "land_use": "Industrial",
        "area": 1103.25,
        "source_dataset": "Cadastral_Revenue_Map_2024",
        "confidence_score": 0.95
      }
    },
    {
      "type": "Feature",
      "geometry": {
        "type": "Polygon",
        "coordinates": [
          [
            [
              8626080.098547477,
              2156104.131994813
            ],
            [
              8626115.701704126,
              2156103.3144443035
            ],
            [
              8626114.740028758,
              2156135.2967002816
            ],
            [
              8626080.098547477,
              2156133.8391453833
            ],
            [
              8626080.098547477,
              2156104.131994813
            ]
          ]
        ]
      },
      "properties": {
        "parcel_id": "P0051",
        "survey_number": "SURVEY/04/003",
        "owner_reference": "Ramesh Patel",
        "land_use": "Industrial",
        "area": 1083.49,
        "source_dataset": "Cadastral_Revenue_Map_2024",
        "confidence_score": 0.95
      }
    },
    {
      "type": "Feature",
      "geometry": {
        "type": "Polygon",
        "coordinates": [
          [
            [
              8626120.55147862,
              2156106.011168703
            ],
            [
              8626156.167004501,
              2156105.3641866846
            ],
            [
              8626156.103147127,
              2156136.084761123
            ],
            [
              8626120.55147862,
              2156135.606878921
            ],
            [
              8626120.55147862,
              2156106.011168703
            ]
          ]
        ]
      },
      "properties": {
        "parcel_id": "P0052",
        "survey_number": "SURVEY/04/004",
        "owner_reference": "Rajesh Rao",
        "land_use": "Agricultural",
        "area": 1073.13,
        "source_dataset": "Cadastral_Revenue_Map_2024",
        "confidence_score": 0.95
      }
    },
    {
      "type": "Feature",
      "geometry": {
        "type": "Polygon",
        "coordinates": [
          [
            [
              8626160.745804073,
              2156103.606908028
            ],
            [
              8626200.612656532,
              2156102.3624507533
            ],
            [
              8626199.857229397,
              2156139.301661882
            ],
            [
              8626160.745804073,
              2156139.475880986
            ],
            [
              8626160.745804073,
              2156103.606908028
            ]
          ]
        ]
      },
      "properties": {
        "parcel_id": "P0053",
        "survey_number": "SURVEY/04/005",
        "owner_reference": "Suresh Nair",
        "land_use": "Public/Government",
        "area": 1437.3,
        "source_dataset": "Cadastral_Revenue_Map_2024",
        "confidence_score": 0.95
      }
    },
    {
      "type": "Feature",
      "geometry": {
        "type": "Polygon",
        "coordinates": [
          [
            [
              8626200.09029014,
              2156104.8020578595
            ],
            [
              8626237.746616164,
              2156106.272151641
            ],
            [
              8626237.162756898,
              2156139.963057854
            ],
            [
              8626200.09029014,
              2156140.3261398175
            ],
            [
              8626200.09029014,
              2156104.8020578595
            ]
          ]
        ]
      },
      "properties": {
        "parcel_id": "P0054",
        "survey_number": "SURVEY/04/006",
        "owner_reference": "Kavita Verma",
        "land_use": "Commercial",
        "area": 1293.25,
        "source_dataset": "Cadastral_Revenue_Map_2024",
        "confidence_score": 0.95
      }
    },
    {
      "type": "Feature",
      "geometry": {
        "type": "Polygon",
        "coordinates": [
          [
            [
              8626240.207968982,
              2156103.6261304617
            ],
            [
              8626277.659074418,
              2156103.5358678987
            ],
            [
              8626276.256993985,
              2156137.7623572764
            ],
            [
              8626240.207968982,
              2156137.126671945
            ],
            [
              8626240.207968982,
              2156103.6261304617
            ]
          ]
        ]
      },
      "properties": {
        "parcel_id": "P0055",
        "survey_number": "SURVEY/04/007",
        "owner_reference": "Vikram Deshmukh",
        "land_use": "Residential",
        "area": 1244.68,
        "source_dataset": "Cadastral_Revenue_Map_2024",
        "confidence_score": 0.95
      }
    },
    {
      "type": "Feature",
      "geometry": {
        "type": "Polygon",
        "coordinates": [
          [
            [
              8626280.644732172,
              2156106.734673834
            ],
            [
              8626318.195565969,
              2156107.177578004
            ],
            [
              8626319.420800304,
              2156140.0020481064
            ],
            [
              8626280.644732172,
              2156140.9819415854
            ],
            [
              8626280.644732172,
              2156106.734673834
            ]
          ]
        ]
      },
      "properties": {
        "parcel_id": "P0056",
        "survey_number": "SURVEY/04/008",
        "owner_reference": "Priya Sharma",
        "land_use": "Commercial",
        "area": 1280.01,
        "source_dataset": "Cadastral_Revenue_Map_2024",
        "confidence_score": 0.95
      }
    },
    {
      "type": "Feature",
      "geometry": {
        "type": "Polygon",
        "coordinates": [
          [
            [
              8626321.296961205,
              2156106.6847701157
            ],
            [
              8626358.931881897,
              2156106.0970436875
            ],
            [
              8626358.639407454,
              2156139.4969579373
            ],
            [
              8626321.296961205,
              2156138.8136965167
            ],
            [
              8626321.296961205,
              2156106.6847701157
            ]
          ]
        ]
      },
      "properties": {
        "parcel_id": "P0057",
        "survey_number": "SURVEY/04/009",
        "owner_reference": "Ramesh Deshmukh",
        "land_use": "Agricultural",
        "area": 1228.3,
        "source_dataset": "Cadastral_Revenue_Map_2024",
        "confidence_score": 0.95
      }
    },
    {
      "type": "Feature",
      "geometry": {
        "type": "Polygon",
        "coordinates": [
          [
            [
              8626359.001471609,
              2156103.3653075467
            ],
            [
              8626399.772938222,
              2156103.5909048743
            ],
            [
              8626401.125297055,
              2156138.3810592303
            ],
            [
              8626359.001471609,
              2156139.879776481
            ],
            [
              8626359.001471609,
              2156103.3653075467
            ]
          ]
        ]
      },
      "properties": {
        "parcel_id": "P0058",
        "survey_number": "SURVEY/04/010",
        "owner_reference": "Vikram Nair",
        "land_use": "Residential",
        "area": 1478.13,
        "source_dataset": "Cadastral_Revenue_Map_2024",
        "confidence_score": 0.95
      }
    },
    {
      "type": "Feature",
      "geometry": {
        "type": "Polygon",
        "coordinates": [
          [
            [
              8626400.075855363,
              2156104.768917618
            ],
            [
              8626436.744794797,
              2156104.576572579
            ],
            [
              8626437.687529631,
              2156140.7505904674
            ],
            [
              8626400.075855363,
              2156142.1577561754
            ],
            [
              8626400.075855363,
              2156104.768917618
            ]
          ]
        ]
      },
      "properties": {
        "parcel_id": "P0059",
        "survey_number": "SURVEY/04/011",
        "owner_reference": "Meena Joshi",
        "land_use": "Agricultural",
        "area": 1366.45,
        "source_dataset": "Cadastral_Revenue_Map_2024",
        "confidence_score": 0.95
      }
    },
    {
      "type": "Feature",
      "geometry": {
        "type": "Polygon",
        "coordinates": [
          [
            [
              8626440.774694696,
              2156104.1528711813
            ],
            [
              8626481.445855934,
              2156104.3031610083
            ],
            [
              8626481.31033366,
              2156139.0342673897
            ],
            [
              8626440.774694696,
              2156138.477818861
            ],
            [
              8626440.774694696,
              2156104.1528711813
            ]
          ]
        ]
      },
      "properties": {
        "parcel_id": "P0060",
        "survey_number": "SURVEY/04/012",
        "owner_reference": "Ananya Verma",
        "land_use": "Agricultural",
        "area": 1401.98,
        "source_dataset": "Cadastral_Revenue_Map_2024",
        "confidence_score": 0.95
      }
    },
    {
      "type": "Feature",
      "geometry": {
        "type": "Polygon",
        "coordinates": [
          [
            [
              8626478.00460427,
              2156106.4774699374
            ],
            [
              8626515.77646234,
              2156106.5327881146
            ],
            [
              8626516.144363958,
              2156136.8026944497
            ],
            [
              8626478.00460427,
              2156136.798173757
            ],
            [
              8626478.00460427,
              2156106.4774699374
            ]
          ]
        ]
      },
      "properties": {
        "parcel_id": "P0061",
        "survey_number": "SURVEY/04/013",
        "owner_reference": "Meena Sharma",
        "land_use": "Commercial",
        "area": 1149.88,
        "source_dataset": "Cadastral_Revenue_Map_2024",
        "confidence_score": 0.95
      }
    },
    {
      "type": "Feature",
      "geometry": {
        "type": "Polygon",
        "coordinates": [
          [
            [
              8626519.938847188,
              2156103.1154777696
            ],
            [
              8626558.71898085,
              2156103.744826245
            ],
            [
              8626558.151231267,
              2156137.9113601693
            ],
            [
              8626519.938847188,
              2156136.452383563
            ],
            [
              8626519.938847188,
              2156103.1154777696
            ]
          ]
        ]
      },
      "properties": {
        "parcel_id": "P0062",
        "survey_number": "SURVEY/04/014",
        "owner_reference": "Suresh Verma",
        "land_use": "Commercial",
        "area": 1299.61,
        "source_dataset": "Cadastral_Revenue_Map_2024",
        "confidence_score": 0.95
      }
    },
    {
      "type": "Feature",
      "geometry": {
        "type": "Polygon",
        "coordinates": [
          [
            [
              8626559.845791576,
              2156103.469864596
            ],
            [
              8626599.83865062,
              2156104.119674574
            ],
            [
              8626599.865266664,
              2156136.4601176246
            ],
            [
              8626559.845791576,
              2156135.780392315
            ],
            [
              8626559.845791576,
              2156103.469864596
            ]
          ]
        ]
      },
      "properties": {
        "parcel_id": "P0063",
        "survey_number": "SURVEY/04/015",
        "owner_reference": "Meena Deshmukh",
        "land_use": "Commercial",
        "area": 1293.21,
        "source_dataset": "Cadastral_Revenue_Map_2024",
        "confidence_score": 0.95
      }
    },
    {
      "type": "Feature",
      "geometry": {
        "type": "Polygon",
        "coordinates": [
          [
            [
              8626600.985170182,
              2156103.546033378
            ],
            [
              8626636.40403066,
              2156104.609270518
            ],
            [
              8626635.92365639,
              2156138.1820841744
            ],
            [
              8626600.985170182,
              2156139.0452363915
            ],
            [
              8626600.985170182,
              2156103.546033378
            ]
          ]
        ]
      },
      "properties": {
        "parcel_id": "P0064",
        "survey_number": "SURVEY/04/016",
        "owner_reference": "Vikram Sharma",
        "land_use": "Industrial",
        "area": 1214.95,
        "source_dataset": "Cadastral_Revenue_Map_2024",
        "confidence_score": 0.95
      }
    },
    {
      "type": "Feature",
      "geometry": {
        "type": "Polygon",
        "coordinates": [
          [
            [
              8626000.319693536,
              2156140.639763012
            ],
            [
              8626040.511257105,
              2156140.592787169
            ],
            [
              8626040.008576972,
              2156173.3190473705
            ],
            [
              8626000.319693536,
              2156174.1076654033
            ],
            [
              8626000.319693536,
              2156140.639763012
            ]
          ]
        ]
      },
      "properties": {
        "parcel_id": "P0065",
        "survey_number": "SURVEY/05/001",
        "owner_reference": "Suresh Deshmukh",
        "land_use": "Industrial",
        "area": 1321.8,
        "source_dataset": "Cadastral_Revenue_Map_2024",
        "confidence_score": 0.95
      }
    },
    {
      "type": "Feature",
      "geometry": {
        "type": "Polygon",
        "coordinates": [
          [
            [
              8626038.955222176,
              2156139.5318833957
            ],
            [
              8626079.091300033,
              2156138.9864123776
            ],
            [
              8626079.010228783,
              2156171.996533969
            ],
            [
              8626038.955222176,
              2156173.2368244724
            ],
            [
              8626038.955222176,
              2156139.5318833957
            ]
          ]
        ]
      },
      "properties": {
        "parcel_id": "P0066",
        "survey_number": "SURVEY/05/002",
        "owner_reference": "Suresh Gupta",
        "land_use": "Vacant/Open Land",
        "area": 1337.45,
        "source_dataset": "Cadastral_Revenue_Map_2024",
        "confidence_score": 0.95
      }
    },
    {
      "type": "Feature",
      "geometry": {
        "type": "Polygon",
        "coordinates": [
          [
            [
              8626078.608421281,
              2156141.8592977533
            ],
            [
              8626114.3658989,
              2156141.355281865
            ],
            [
              8626113.166992705,
              2156177.6514192945
            ],
            [
              8626078.608421281,
              2156178.686537564
            ],
            [
              8626078.608421281,
              2156141.8592977533
            ]
          ]
        ]
      },
      "properties": {
        "parcel_id": "P0067",
        "survey_number": "SURVEY/05/003",
        "owner_reference": "Priya Kulkarni",
        "land_use": "Agricultural",
        "area": 1284.98,
        "source_dataset": "Cadastral_Revenue_Map_2024",
        "confidence_score": 0.95
      }
    },
    {
      "type": "Feature",
      "geometry": {
        "type": "Polygon",
        "coordinates": [
          [
            [
              8626118.299312994,
              2156141.126101165
            ],
            [
              8626154.88944967,
              2156140.8185511366
            ],
            [
              8626153.630395632,
              2156174.865657568
            ],
            [
              8626118.299312994,
              2156174.351354335
            ],
            [
              8626118.299312994,
              2156141.126101165
            ]
          ]
        ]
      },
      "properties": {
        "parcel_id": "P0068",
        "survey_number": "SURVEY/05/004",
        "owner_reference": "Ramesh Gupta",
        "land_use": "Industrial",
        "area": 1209.64,
        "source_dataset": "Cadastral_Revenue_Map_2024",
        "confidence_score": 0.95
      }
    },
    {
      "type": "Feature",
      "geometry": {
        "type": "Polygon",
        "coordinates": [
          [
            [
              8626160.469837846,
              2156138.939080972
            ],
            [
              8626199.576235292,
              2156138.1215398144
            ],
            [
              8626198.347373284,
              2156170.6633549966
            ],
            [
              8626160.469837846,
              2156172.0983681814
            ],
            [
              8626160.469837846,
              2156138.939080972
            ]
          ]
        ]
      },
      "properties": {
        "parcel_id": "P0069",
        "survey_number": "SURVEY/05/005",
        "owner_reference": "Priya Deshmukh",
        "land_use": "Commercial",
        "area": 1263.79,
        "source_dataset": "Cadastral_Revenue_Map_2024",
        "confidence_score": 0.95
      }
    },
    {
      "type": "Feature",
      "geometry": {
        "type": "Polygon",
        "coordinates": [
          [
            [
              8626199.173471104,
              2156139.4993643593
            ],
            [
              8626235.046889879,
              2156139.697148545
            ],
            [
              8626235.9244483,
              2156172.6863622684
            ],
            [
              8626199.173471104,
              2156171.6963132154
            ],
            [
              8626199.173471104,
              2156139.4993643593
            ]
          ]
        ]
      },
      "properties": {
        "parcel_id": "P0070",
        "survey_number": "SURVEY/05/006",
        "owner_reference": "Priya Nair",
        "land_use": "Agricultural",
        "area": 1183.27,
        "source_dataset": "Cadastral_Revenue_Map_2024",
        "confidence_score": 0.95
      }
    },
    {
      "type": "Feature",
      "geometry": {
        "type": "Polygon",
        "coordinates": [
          [
            [
              8626239.844599653,
              2156139.0159093575
            ],
            [
              8626276.376559902,
              2156139.9298085882
            ],
            [
              8626277.580188172,
              2156169.072293946
            ],
            [
              8626239.844599653,
              2156169.605126603
            ],
            [
              8626239.844599653,
              2156139.0159093575
            ]
          ]
        ]
      },
      "properties": {
        "parcel_id": "P0071",
        "survey_number": "SURVEY/05/007",
        "owner_reference": "Amit Verma",
        "land_use": "Agricultural",
        "area": 1108.92,
        "source_dataset": "Cadastral_Revenue_Map_2024",
        "confidence_score": 0.95
      }
    },
    {
      "type": "Feature",
      "geometry": {
        "type": "Polygon",
        "coordinates": [
          [
            [
              8626279.196616996,
              2156141.848116291
            ],
            [
              8626318.33849807,
              2156141.254481303
            ],
            [
              8626319.836618768,
              2156174.589131167
            ],
            [
              8626279.196616996,
              2156175.649137543
            ],
            [
              8626279.196616996,
              2156141.848116291
            ]
          ]
        ]
      },
      "properties": {
        "parcel_id": "P0072",
        "survey_number": "SURVEY/05/008",
        "owner_reference": "Priya Singh",
        "land_use": "Agricultural",
        "area": 1339.67,
        "source_dataset": "Cadastral_Revenue_Map_2024",
        "confidence_score": 0.95
      }
    },
    {
      "type": "Feature",
      "geometry": {
        "type": "Polygon",
        "coordinates": [
          [
            [
              8626321.911777938,
              2156140.6329192636
            ],
            [
              8626358.558660218,
              2156141.1903177416
            ],
            [
              8626359.292666743,
              2156174.0284933653
            ],
            [
              8626321.911777938,
              2156172.6756261177
            ],
            [
              8626321.911777938,
              2156140.6329192636
            ]
          ]
        ]
      },
      "properties": {
        "parcel_id": "P0073",
        "survey_number": "SURVEY/05/009",
        "owner_reference": "Kavita Deshmukh",
        "land_use": "Industrial",
        "area": 1200.4,
        "source_dataset": "Cadastral_Revenue_Map_2024",
        "confidence_score": 0.95
      }
    },
    {
      "type": "Feature",
      "geometry": {
        "type": "Polygon",
        "coordinates": [
          [
            [
              8626361.20772783,
              2156138.876018156
            ],
            [
              8626397.348519767,
              2156139.6427501272
            ],
            [
              8626398.15093209,
              2156170.379778956
            ],
            [
              8626361.20772783,
              2156170.9223442385
            ],
            [
              8626361.20772783,
              2156138.876018156
            ]
          ]
        ]
      },
      "properties": {
        "parcel_id": "P0074",
        "survey_number": "SURVEY/05/010",
        "owner_reference": "Amit Verma",
        "land_use": "Vacant/Open Land",
        "area": 1147.07,
        "source_dataset": "Cadastral_Revenue_Map_2024",
        "confidence_score": 0.95
      }
    },
    {
      "type": "Feature",
      "geometry": {
        "type": "Polygon",
        "coordinates": [
          [
            [
              8626400.929439072,
              2156138.360533503
            ],
            [
              8626437.700101782,
              2156137.3874537144
            ],
            [
              8626436.596581174,
              2156172.8454186926
            ],
            [
              8626400.929439072,
              2156172.9636419695
            ],
            [
              8626400.929439072,
              2156138.360533503
            ]
          ]
        ]
      },
      "properties": {
        "parcel_id": "P0075",
        "survey_number": "SURVEY/05/011",
        "owner_reference": "Ananya Kulkarni",
        "land_use": "Public/Government",
        "area": 1268.47,
        "source_dataset": "Cadastral_Revenue_Map_2024",
        "confidence_score": 0.95
      }
    },
    {
      "type": "Feature",
      "geometry": {
        "type": "Polygon",
        "coordinates": [
          [
            [
              8626439.027880339,
              2156141.29875925
            ],
            [
              8626476.918967318,
              2156142.038437302
            ],
            [
              8626476.43511308,
              2156176.1376902126
            ],
            [
              8626439.027880339,
              2156174.9831993347
            ],
            [
              8626439.027880339,
              2156141.29875925
            ]
          ]
        ]
      },
      "properties": {
        "parcel_id": "P0076",
        "survey_number": "SURVEY/05/012",
        "owner_reference": "Priya Patel",
        "land_use": "Commercial",
        "area": 1276.23,
        "source_dataset": "Cadastral_Revenue_Map_2024",
        "confidence_score": 0.95
      }
    },
    {
      "type": "Feature",
      "geometry": {
        "type": "Polygon",
        "coordinates": [
          [
            [
              8626481.91976897,
              2156141.869078989
            ],
            [
              8626521.747294834,
              2156142.741124895
            ],
            [
              8626520.289050799,
              2156174.0637292857
            ],
            [
              8626481.91976897,
              2156174.1734462106
            ],
            [
              8626481.91976897,
              2156141.869078989
            ]
          ]
        ]
      },
      "properties": {
        "parcel_id": "P0077",
        "survey_number": "SURVEY/05/013",
        "owner_reference": "Meena Joshi",
        "land_use": "Vacant/Open Land",
        "area": 1244.13,
        "source_dataset": "Cadastral_Revenue_Map_2024",
        "confidence_score": 0.95
      }
    },
    {
      "type": "Feature",
      "geometry": {
        "type": "Polygon",
        "coordinates": [
          [
            [
              8626519.524101997,
              2156140.554197071
            ],
            [
              8626556.752943844,
              2156140.468627675
            ],
            [
              8626557.111584445,
              2156174.603216403
            ],
            [
              8626519.524101997,
              2156175.9327238114
            ],
            [
              8626519.524101997,
              2156140.554197071
            ]
          ]
        ]
      },
      "properties": {
        "parcel_id": "P0078",
        "survey_number": "SURVEY/05/014",
        "owner_reference": "Ananya Nair",
        "land_use": "Commercial",
        "area": 1300.31,
        "source_dataset": "Cadastral_Revenue_Map_2024",
        "confidence_score": 0.95
      }
    },
    {
      "type": "Feature",
      "geometry": {
        "type": "Polygon",
        "coordinates": [
          [
            [
              8626560.596957786,
              2156138.466703747
            ],
            [
              8626595.869038653,
              2156139.9544858714
            ],
            [
              8626594.717400094,
              2156168.689976516
            ],
            [
              8626560.596957786,
              2156167.8943766137
            ],
            [
              8626560.596957786,
              2156138.466703747
            ]
          ]
        ]
      },
      "properties": {
        "parcel_id": "P0079",
        "survey_number": "SURVEY/05/015",
        "owner_reference": "Ramesh Patel",
        "land_use": "Agricultural",
        "area": 1009.68,
        "source_dataset": "Cadastral_Revenue_Map_2024",
        "confidence_score": 0.95
      }
    },
    {
      "type": "Feature",
      "geometry": {
        "type": "Polygon",
        "coordinates": [
          [
            [
              8626599.676507013,
              2156140.9690760593
            ],
            [
              8626635.603644427,
              2156139.7661409634
            ],
            [
              8626635.57168554,
              2156173.458383224
            ],
            [
              8626599.676507013,
              2156173.182730881
            ],
            [
              8626599.676507013,
              2156140.9690760593
            ]
          ]
        ]
      },
      "properties": {
        "parcel_id": "P0080",
        "survey_number": "SURVEY/05/016",
        "owner_reference": "Vikram Sharma",
        "land_use": "Vacant/Open Land",
        "area": 1183.37,
        "source_dataset": "Cadastral_Revenue_Map_2024",
        "confidence_score": 0.95
      }
    },
    {
      "type": "Feature",
      "geometry": {
        "type": "Polygon",
        "coordinates": [
          [
            [
              8625998.397418499,
              2156175.742721062
            ],
            [
              8626036.664213669,
              2156175.318742586
            ],
            [
              8626036.358632596,
              2156211.609776239
            ],
            [
              8625998.397418499,
              2156210.679201925
            ],
            [
              8625998.397418499,
              2156175.742721062
            ]
          ]
        ]
      },
      "properties": {
        "parcel_id": "P0081",
        "survey_number": "SURVEY/06/001",
        "owner_reference": "Priya Deshmukh",
        "land_use": "Residential",
        "area": 1357.42,
        "source_dataset": "Cadastral_Revenue_Map_2024",
        "confidence_score": 0.95
      }
    },
    {
      "type": "Feature",
      "geometry": {
        "type": "Polygon",
        "coordinates": [
          [
            [
              8626041.147178361,
              2156173.9742755885
            ],
            [
              8626076.902721673,
              2156172.680106047
            ],
            [
              8626077.698193802,
              2156207.361743444
            ],
            [
              8626041.147178361,
              2156206.483215555
            ],
            [
              8626041.147178361,
              2156173.9742755885
            ]
          ]
        ]
      },
      "properties": {
        "parcel_id": "P0082",
        "survey_number": "SURVEY/06/002",
        "owner_reference": "Sunita Singh",
        "land_use": "Industrial",
        "area": 1214.66,
        "source_dataset": "Cadastral_Revenue_Map_2024",
        "confidence_score": 0.95
      }
    },
    {
      "type": "Feature",
      "geometry": {
        "type": "Polygon",
        "coordinates": [
          [
            [
              8626080.38392654,
              2156174.109099384
            ],
            [
              8626121.28809533,
              2156174.2297457545
            ],
            [
              8626122.183636801,
              2156210.03426321
            ],
            [
              8626080.38392654,
              2156208.8640422537
            ],
            [
              8626080.38392654,
              2156174.109099384
            ]
          ]
        ]
      },
      "properties": {
        "parcel_id": "P0083",
        "survey_number": "SURVEY/06/003",
        "owner_reference": "Rajesh Patel",
        "land_use": "Residential",
        "area": 1458.6,
        "source_dataset": "Cadastral_Revenue_Map_2024",
        "confidence_score": 0.95
      }
    },
    {
      "type": "Feature",
      "geometry": {
        "type": "Polygon",
        "coordinates": [
          [
            [
              8626119.061470034,
              2156173.5070341746
            ],
            [
              8626156.587233376,
              2156172.197708289
            ],
            [
              8626156.432059018,
              2156204.1889300155
            ],
            [
              8626119.061470034,
              2156203.775046937
            ],
            [
              8626119.061470034,
              2156173.5070341746
            ]
          ]
        ]
      },
      "properties": {
        "parcel_id": "P0084",
        "survey_number": "SURVEY/06/004",
        "owner_reference": "Kavita Verma",
        "land_use": "Agricultural",
        "area": 1165.71,
        "source_dataset": "Cadastral_Revenue_Map_2024",
        "confidence_score": 0.95
      }
    },
    {
      "type": "Feature",
      "geometry": {
        "type": "Polygon",
        "coordinates": [
          [
            [
              8626161.467923632,
              2156175.0858048587
            ],
            [
              8626199.216178764,
              2156173.768281081
            ],
            [
              8626199.153124496,
              2156210.8699619574
            ],
            [
              8626161.467923632,
              2156210.574813721
            ],
            [
              8626161.467923632,
              2156175.0858048587
            ]
          ]
        ]
      },
      "properties": {
        "parcel_id": "P0085",
        "survey_number": "SURVEY/06/005",
        "owner_reference": "Priya Deshmukh",
        "land_use": "Vacant/Open Land",
        "area": 1368.93,
        "source_dataset": "Cadastral_Revenue_Map_2024",
        "confidence_score": 0.95
      }
    },
    {
      "type": "Feature",
      "geometry": {
        "type": "Polygon",
        "coordinates": [
          [
            [
              8626198.32316191,
              2156175.4331896943
            ],
            [
              8626233.71725531,
              2156175.832419867
            ],
            [
              8626233.862324612,
              2156207.0832856917
            ],
            [
              8626198.32316191,
              2156206.5588420215
            ],
            [
              8626198.32316191,
              2156175.4331896943
            ]
          ]
        ]
      },
      "properties": {
        "parcel_id": "P0086",
        "survey_number": "SURVEY/06/006",
        "owner_reference": "Kavita Kulkarni",
        "land_use": "Industrial",
        "area": 1106.11,
        "source_dataset": "Cadastral_Revenue_Map_2024",
        "confidence_score": 0.95
      }
    },
    {
      "type": "Feature",
      "geometry": {
        "type": "Polygon",
        "coordinates": [
          [
            [
              8626241.411170948,
              2156175.6036666594
            ],
            [
              8626281.024947328,
              2156174.7487358586
            ],
            [
              8626280.879612077,
              2156209.9287061593
            ],
            [
              8626241.411170948,
              2156209.1141868825
            ],
            [
              8626241.411170948,
              2156175.6036666594
            ]
          ]
        ]
      },
      "properties": {
        "parcel_id": "P0087",
        "survey_number": "SURVEY/06/007",
        "owner_reference": "Ananya Deshmukh",
        "land_use": "Agricultural",
        "area": 1358.05,
        "source_dataset": "Cadastral_Revenue_Map_2024",
        "confidence_score": 0.95
      }
    },
    {
      "type": "Feature",
      "geometry": {
        "type": "Polygon",
        "coordinates": [
          [
            [
              8626279.497204093,
              2156173.610555699
            ],
            [
              8626320.035114307,
              2156174.6058713645
            ],
            [
              8626318.814804612,
              2156204.013355548
            ],
            [
              8626279.497204093,
              2156202.803048846
            ],
            [
              8626279.497204093,
              2156173.610555699
            ]
          ]
        ]
      },
      "properties": {
        "parcel_id": "P0088",
        "survey_number": "SURVEY/06/008",
        "owner_reference": "Ananya Patel",
        "land_use": "Public/Government",
        "area": 1170.56,
        "source_dataset": "Cadastral_Revenue_Map_2024",
        "confidence_score": 0.95
      }
    },
    {
      "type": "Feature",
      "geometry": {
        "type": "Polygon",
        "coordinates": [
          [
            [
              8626319.643234532,
              2156176.494429489
            ],
            [
              8626360.290013745,
              2156177.741960502
            ],
            [
              8626358.944351986,
              2156209.0320506236
            ],
            [
              8626319.643234532,
              2156208.3949388466
            ],
            [
              8626319.643234532,
              2156176.494429489
            ]
          ]
        ]
      },
      "properties": {
        "parcel_id": "P0089",
        "survey_number": "SURVEY/06/009",
        "owner_reference": "Vikram Joshi",
        "land_use": "Residential",
        "area": 1263.62,
        "source_dataset": "Cadastral_Revenue_Map_2024",
        "confidence_score": 0.95
      }
    },
    {
      "type": "Feature",
      "geometry": {
        "type": "Polygon",
        "coordinates": [
          [
            [
              8626358.432873528,
              2156176.3814936746
            ],
            [
              8626395.638239833,
              2156176.6037936877
            ],
            [
              8626396.559903946,
              2156210.9571274663
            ],
            [
              8626358.432873528,
              2156211.9925929504
            ],
            [
              8626358.432873528,
              2156176.3814936746
            ]
          ]
        ]
      },
      "properties": {
        "parcel_id": "P0090",
        "survey_number": "SURVEY/06/010",
        "owner_reference": "Kavita Nair",
        "land_use": "Vacant/Open Land",
        "area": 1317.83,
        "source_dataset": "Cadastral_Revenue_Map_2024",
        "confidence_score": 0.95
      }
    },
    {
      "type": "Feature",
      "geometry": {
        "type": "Polygon",
        "coordinates": [
          [
            [
              8626399.0697909,
              2156173.7216642876
            ],
            [
              8626438.285983536,
              2156173.241138258
            ],
            [
              8626436.804300904,
              2156205.5755724204
            ],
            [
              8626399.0697909,
              2156206.68516054
            ],
            [
              8626399.0697909,
              2156173.7216642876
            ]
          ]
        ]
      },
      "properties": {
        "parcel_id": "P0091",
        "survey_number": "SURVEY/06/011",
        "owner_reference": "Kavita Gupta",
        "land_use": "Residential",
        "area": 1255.59,
        "source_dataset": "Cadastral_Revenue_Map_2024",
        "confidence_score": 0.95
      }
    },
    {
      "type": "Feature",
      "geometry": {
        "type": "Polygon",
        "coordinates": [
          [
            [
              8626438.86053152,
              2156174.679329975
            ],
            [
              8626475.905907411,
              2156175.3441178785
            ],
            [
              8626476.73641427,
              2156206.89964853
            ],
            [
              8626438.86053152,
              2156207.1024292
            ],
            [
              8626438.86053152,
              2156174.679329975
            ]
          ]
        ]
      },
      "properties": {
        "parcel_id": "P0092",
        "survey_number": "SURVEY/06/012",
        "owner_reference": "Priya Sharma",
        "land_use": "Commercial",
        "area": 1198.24,
        "source_dataset": "Cadastral_Revenue_Map_2024",
        "confidence_score": 0.95
      }
    },
    {
      "type": "Feature",
      "geometry": {
        "type": "Polygon",
        "coordinates": [
          [
            [
              8626480.647754772,
              2156174.9426468196
            ],
            [
              8626518.300019892,
              2156175.707476251
            ],
            [
              8626517.141472416,
              2156206.581647886
            ],
            [
              8626480.647754772,
              2156206.371388786
            ],
            [
              8626480.647754772,
              2156174.9426468196
            ]
          ]
        ]
      },
      "properties": {
        "parcel_id": "P0093",
        "survey_number": "SURVEY/06/013",
        "owner_reference": "Vikram Nair",
        "land_use": "Agricultural",
        "area": 1155.16,
        "source_dataset": "Cadastral_Revenue_Map_2024",
        "confidence_score": 0.95
      }
    },
    {
      "type": "Feature",
      "geometry": {
        "type": "Polygon",
        "coordinates": [
          [
            [
              8626518.219127834,
              2156173.8176924973
            ],
            [
              8626558.891072357,
              2156174.6101751844
            ],
            [
              8626558.25941375,
              2156208.421789661
            ],
            [
              8626518.219127834,
              2156207.281742692
            ],
            [
              8626518.219127834,
              2156173.8176924973
            ]
          ]
        ]
      },
      "properties": {
        "parcel_id": "P0094",
        "survey_number": "SURVEY/06/014",
        "owner_reference": "Meena Gupta",
        "land_use": "Commercial",
        "area": 1357.8,
        "source_dataset": "Cadastral_Revenue_Map_2024",
        "confidence_score": 0.95
      }
    },
    {
      "type": "Feature",
      "geometry": {
        "type": "Polygon",
        "coordinates": [
          [
            [
              8626560.672192687,
              2156174.4166686856
            ],
            [
              8626598.054619733,
              2156174.225327472
            ],
            [
              8626597.933882484,
              2156208.86891665
            ],
            [
              8626560.672192687,
              2156207.6025044853
            ],
            [
              8626560.672192687,
              2156174.4166686856
            ]
          ]
        ]
      },
      "properties": {
        "parcel_id": "P0095",
        "survey_number": "SURVEY/06/015",
        "owner_reference": "Ananya Nair",
        "land_use": "Agricultural",
        "area": 1265.8,
        "source_dataset": "Cadastral_Revenue_Map_2024",
        "confidence_score": 0.95
      }
    },
    {
      "type": "Feature",
      "geometry": {
        "type": "Polygon",
        "coordinates": [
          [
            [
              8626598.083426235,
              2156174.299072718
            ],
            [
              8626637.891359162,
              2156175.295150457
            ],
            [
              8626639.150668416,
              2156208.0078242975
            ],
            [
              8626598.083426235,
              2156206.7722139414
            ],
            [
              8626598.083426235,
              2156174.299072718
            ]
          ]
        ]
      },
      "properties": {
        "parcel_id": "P0096",
        "survey_number": "SURVEY/06/016",
        "owner_reference": "Priya Singh",
        "land_use": "Agricultural",
        "area": 1317.28,
        "source_dataset": "Cadastral_Revenue_Map_2024",
        "confidence_score": 0.95
      }
    },
    {
      "type": "Feature",
      "geometry": {
        "type": "Polygon",
        "coordinates": [
          [
            [
              8625999.358053125,
              2156209.33227449
            ],
            [
              8626035.366849374,
              2156208.1743544093
            ],
            [
              8626035.39670556,
              2156242.3951741974
            ],
            [
              8625999.358053125,
              2156243.612942392
            ],
            [
              8625999.358053125,
              2156209.33227449
            ]
          ]
        ]
      },
      "properties": {
        "parcel_id": "P0097",
        "survey_number": "SURVEY/07/001",
        "owner_reference": "Ananya Joshi",
        "land_use": "Vacant/Open Land",
        "area": 1233.86,
        "source_dataset": "Cadastral_Revenue_Map_2024",
        "confidence_score": 0.95
      }
    },
    {
      "type": "Feature",
      "geometry": {
        "type": "Polygon",
        "coordinates": [
          [
            [
              8626038.590759344,
              2156208.411218111
            ],
            [
              8626075.126568677,
              2156207.3698274777
            ],
            [
              8626075.904025817,
              2156239.4522122457
            ],
            [
              8626038.590759344,
              2156238.1782720666
            ],
            [
              8626038.590759344,
              2156208.411218111
            ]
          ]
        ]
      },
      "properties": {
        "parcel_id": "P0098",
        "survey_number": "SURVEY/07/002",
        "owner_reference": "Meena Deshmukh",
        "land_use": "Public/Government",
        "area": 1141.84,
        "source_dataset": "Cadastral_Revenue_Map_2024",
        "confidence_score": 0.95
      }
    },
    {
      "type": "Feature",
      "geometry": {
        "type": "Polygon",
        "coordinates": [
          [
            [
              8626081.696617033,
              2156210.2579671335
            ],
            [
              8626120.508406948,
              2156211.350707758
            ],
            [
              8626120.89005917,
              2156244.00509781
            ],
            [
              8626081.696617033,
              2156242.9579700143
            ],
            [
              8626081.696617033,
              2156210.2579671335
            ]
          ]
        ]
      },
      "properties": {
        "parcel_id": "P0099",
        "survey_number": "SURVEY/07/003",
        "owner_reference": "Priya Deshmukh",
        "land_use": "Agricultural",
        "area": 1274.29,
        "source_dataset": "Cadastral_Revenue_Map_2024",
        "confidence_score": 0.95
      }
    },
    {
      "type": "Feature",
      "geometry": {
        "type": "Polygon",
        "coordinates": [
          [
            [
              8626118.296762625,
              2156209.846969946
            ],
            [
              8626153.522406098,
              2156209.208201044
            ],
            [
              8626153.956405506,
              2156242.059395543
            ],
            [
              8626118.296762625,
              2156243.4915011404
            ],
            [
              8626118.296762625,
              2156209.846969946
            ]
          ]
        ]
      },
      "properties": {
        "parcel_id": "P0100",
        "survey_number": "SURVEY/07/004",
        "owner_reference": "Priya Nair",
        "land_use": "Public/Government",
        "area": 1178.62,
        "source_dataset": "Cadastral_Revenue_Map_2024",
        "confidence_score": 0.95
      }
    },
    {
      "type": "Feature",
      "geometry": {
        "type": "Polygon",
        "coordinates": [
          [
            [
              8626161.583507063,
              2156209.7989348145
            ],
            [
              8626201.44240257,
              2156209.263515103
            ],
            [
              8626201.369289653,
              2156243.7099595424
            ],
            [
              8626161.583507063,
              2156242.6625427725
            ],
            [
              8626161.583507063,
              2156209.7989348145
            ]
          ]
        ]
      },
      "properties": {
        "parcel_id": "P0101",
        "survey_number": "SURVEY/07/005",
        "owner_reference": "Rajesh Deshmukh",
        "land_use": "Residential",
        "area": 1340.23,
        "source_dataset": "Cadastral_Revenue_Map_2024",
        "confidence_score": 0.95
      }
    },
    {
      "type": "Feature",
      "geometry": {
        "type": "Polygon",
        "coordinates": [
          [
            [
              8626201.929542324,
              2156208.337316528
            ],
            [
              8626240.80630487,
              2156208.960181641
            ],
            [
              8626242.279262938,
              2156238.5721692853
            ],
            [
              8626201.929542324,
              2156238.6443749447
            ],
            [
              8626201.929542324,
              2156208.337316528
            ]
          ]
        ]
      },
      "properties": {
        "parcel_id": "P0102",
        "survey_number": "SURVEY/07/006",
        "owner_reference": "Kavita Patel",
        "land_use": "Industrial",
        "area": 1186.59,
        "source_dataset": "Cadastral_Revenue_Map_2024",
        "confidence_score": 0.95
      }
    },
    {
      "type": "Feature",
      "geometry": {
        "type": "Polygon",
        "coordinates": [
          [
            [
              8626240.39154345,
              2156211.156907726
            ],
            [
              8626279.275375592,
              2156209.9404255687
            ],
            [
              8626279.810513627,
              2156241.552378852
            ],
            [
              8626240.39154345,
              2156240.9048197735
            ],
            [
              8626240.39154345,
              2156211.156907726
            ]
          ]
        ]
      },
      "properties": {
        "parcel_id": "P0103",
        "survey_number": "SURVEY/07/007",
        "owner_reference": "Kavita Patel",
        "land_use": "Industrial",
        "area": 1201.24,
        "source_dataset": "Cadastral_Revenue_Map_2024",
        "confidence_score": 0.95
      }
    },
    {
      "type": "Feature",
      "geometry": {
        "type": "Polygon",
        "coordinates": [
          [
            [
              8626280.624218872,
              2156210.6485406277
            ],
            [
              8626316.39792882,
              2156209.4026976638
            ],
            [
              8626316.574695032,
              2156244.901544714
            ],
            [
              8626280.624218872,
              2156245.332024504
            ],
            [
              8626280.624218872,
              2156210.6485406277
            ]
          ]
        ]
      },
      "properties": {
        "parcel_id": "P0104",
        "survey_number": "SURVEY/07/008",
        "owner_reference": "Ananya Patel",
        "land_use": "Vacant/Open Land",
        "area": 1258.52,
        "source_dataset": "Cadastral_Revenue_Map_2024",
        "confidence_score": 0.95
      }
    },
    {
      "type": "Feature",
      "geometry": {
        "type": "Polygon",
        "coordinates": [
          [
            [
              8626321.988656452,
              2156211.649791942
            ],
            [
              8626357.549374243,
              2156211.675257401
            ],
            [
              8626356.104065856,
              2156245.6725281826
            ],
            [
              8626321.988656452,
              2156245.099126393
            ],
            [
              8626321.988656452,
              2156211.649791942
            ]
          ]
        ]
      },
      "properties": {
        "parcel_id": "P0105",
        "survey_number": "SURVEY/07/009",
        "owner_reference": "Sunita Joshi",
        "land_use": "Agricultural",
        "area": 1175.07,
        "source_dataset": "Cadastral_Revenue_Map_2024",
        "confidence_score": 0.95
      }
    },
    {
      "type": "Feature",
      "geometry": {
        "type": "Polygon",
        "coordinates": [
          [
            [
              8626361.152480695,
              2156210.0307588507
            ],
            [
              8626399.391105246,
              2156210.1103537395
            ],
            [
              8626399.876892958,
              2156244.462622869
            ],
            [
              8626361.152480695,
              2156245.5918011866
            ],
            [
              8626361.152480695,
              2156210.0307588507
            ]
          ]
        ]
      },
      "properties": {
        "parcel_id": "P0106",
        "survey_number": "SURVEY/07/010",
        "owner_reference": "Kavita Patel",
        "land_use": "Public/Government",
        "area": 1345.31,
        "source_dataset": "Cadastral_Revenue_Map_2024",
        "confidence_score": 0.95
      }
    },
    {
      "type": "Feature",
      "geometry": {
        "type": "Polygon",
        "coordinates": [
          [
            [
              8626401.236174878,
              2156208.662156663
            ],
            [
              8626438.862215308,
              2156209.1912454297
            ],
            [
              8626438.074805913,
              2156241.127308332
            ],
            [
              8626401.236174878,
              2156240.959904461
            ],
            [
              8626401.236174878,
              2156208.662156663
            ]
          ]
        ]
      },
      "properties": {
        "parcel_id": "P0107",
        "survey_number": "SURVEY/07/011",
        "owner_reference": "Vikram Deshmukh",
        "land_use": "Commercial",
        "area": 1195.92,
        "source_dataset": "Cadastral_Revenue_Map_2024",
        "confidence_score": 0.95
      }
    },
    {
      "type": "Feature",
      "geometry": {
        "type": "Polygon",
        "coordinates": [
          [
            [
              8626441.34045357,
              2156209.4713638327
            ],
            [
              8626482.023234593,
              2156209.356403768
            ],
            [
              8626481.36854979,
              2156245.3780025938
            ],
            [
              8626441.34045357,
              2156245.0236198963
            ],
            [
              8626441.34045357,
              2156209.4713638327
            ]
          ]
        ]
      },
      "properties": {
        "parcel_id": "P0108",
        "survey_number": "SURVEY/07/012",
        "owner_reference": "Ramesh Gupta",
        "land_use": "Commercial",
        "area": 1444.24,
        "source_dataset": "Cadastral_Revenue_Map_2024",
        "confidence_score": 0.95
      }
    },
    {
      "type": "Feature",
      "geometry": {
        "type": "Polygon",
        "coordinates": [
          [
            [
              8626478.553594138,
              2156209.000012846
            ],
            [
              8626517.400668357,
              2156209.1636350825
            ],
            [
              8626516.208437553,
              2156244.2447145167
            ],
            [
              8626478.553594138,
              2156245.282391347
            ],
            [
              8626478.553594138,
              2156209.000012846
            ]
          ]
        ]
      },
      "properties": {
        "parcel_id": "P0109",
        "survey_number": "SURVEY/07/013",
        "owner_reference": "Priya Rao",
        "land_use": "Residential",
        "area": 1364.6,
        "source_dataset": "Cadastral_Revenue_Map_2024",
        "confidence_score": 0.95
      }
    },
    {
      "type": "Feature",
      "geometry": {
        "type": "Polygon",
        "coordinates": [
          [
            [
              8626521.621224836,
              2156208.589394624
            ],
            [
              8626559.246060196,
              2156207.7555086445
            ],
            [
              8626559.099444168,
              2156244.2678742018
            ],
            [
              8626521.621224836,
              2156243.8166294363
            ],
            [
              8626521.621224836,
              2156208.589394624
            ]
          ]
        ]
      },
      "properties": {
        "parcel_id": "P0110",
        "survey_number": "SURVEY/07/014",
        "owner_reference": "Rajesh Gupta",
        "land_use": "Residential",
        "area": 1346.95,
        "source_dataset": "Cadastral_Revenue_Map_2024",
        "confidence_score": 0.95
      }
    },
    {
      "type": "Feature",
      "geometry": {
        "type": "Polygon",
        "coordinates": [
          [
            [
              8626558.898155034,
              2156209.274739502
            ],
            [
              8626594.49265378,
              2156208.7806105698
            ],
            [
              8626593.4308017,
              2156243.562965137
            ],
            [
              8626558.898155034,
              2156242.1778747104
            ],
            [
              8626558.898155034,
              2156209.274739502
            ]
          ]
        ]
      },
      "properties": {
        "parcel_id": "P0111",
        "survey_number": "SURVEY/07/015",
        "owner_reference": "Meena Patel",
        "land_use": "Vacant/Open Land",
        "area": 1186.88,
        "source_dataset": "Cadastral_Revenue_Map_2024",
        "confidence_score": 0.95
      }
    },
    {
      "type": "Feature",
      "geometry": {
        "type": "Polygon",
        "coordinates": [
          [
            [
              8626598.862618977,
              2156208.598078476
            ],
            [
              8626639.503974672,
              2156208.3678427525
            ],
            [
              8626640.33249257,
              2156242.2513590707
            ],
            [
              8626598.862618977,
              2156241.4642797504
            ],
            [
              8626598.862618977,
              2156208.598078476
            ]
          ]
        ]
      },
      "properties": {
        "parcel_id": "P0112",
        "survey_number": "SURVEY/07/016",
        "owner_reference": "Priya Sharma",
        "land_use": "Commercial",
        "area": 1370.11,
        "source_dataset": "Cadastral_Revenue_Map_2024",
        "confidence_score": 0.95
      }
    },
    {
      "type": "Feature",
      "geometry": {
        "type": "Polygon",
        "coordinates": [
          [
            [
              8626001.620587543,
              2156245.386956171
            ],
            [
              8626036.719199656,
              2156244.612770574
            ],
            [
              8626035.649930175,
              2156278.4792105523
            ],
            [
              8626001.620587543,
              2156278.2669272316
            ],
            [
              8626001.620587543,
              2156245.386956171
            ]
          ]
        ]
      },
      "properties": {
        "parcel_id": "P0113",
        "survey_number": "SURVEY/08/001",
        "owner_reference": "Kavita Joshi",
        "land_use": "Commercial",
        "area": 1153.36,
        "source_dataset": "Cadastral_Revenue_Map_2024",
        "confidence_score": 0.95
      }
    },
    {
      "type": "Feature",
      "geometry": {
        "type": "Polygon",
        "coordinates": [
          [
            [
              8626039.44241503,
              2156246.813614712
            ],
            [
              8626077.70690679,
              2156246.836482479
            ],
            [
              8626076.26790971,
              2156281.532088727
            ],
            [
              8626039.44241503,
              2156282.652083043
            ],
            [
              8626039.44241503,
              2156246.813614712
            ]
          ]
        ]
      },
      "properties": {
        "parcel_id": "P0114",
        "survey_number": "SURVEY/08/002",
        "owner_reference": "Rajesh Gupta",
        "land_use": "Industrial",
        "area": 1323.71,
        "source_dataset": "Cadastral_Revenue_Map_2024",
        "confidence_score": 0.95
      }
    },
    {
      "type": "Feature",
      "geometry": {
        "type": "Polygon",
        "coordinates": [
          [
            [
              8626080.931764087,
              2156245.51302785
            ],
            [
              8626120.560772331,
              2156245.010583675
            ],
            [
              8626119.193779396,
              2156279.924149759
            ],
            [
              8626080.931764087,
              2156280.0621909946
            ],
            [
              8626080.931764087,
              2156245.51302785
            ]
          ]
        ]
      },
      "properties": {
        "parcel_id": "P0115",
        "survey_number": "SURVEY/08/003",
        "owner_reference": "Amit Deshmukh",
        "land_use": "Vacant/Open Land",
        "area": 1352.41,
        "source_dataset": "Cadastral_Revenue_Map_2024",
        "confidence_score": 0.95
      }
    },
    {
      "type": "Feature",
      "geometry": {
        "type": "Polygon",
        "coordinates": [
          [
            [
              8626121.774420602,
              2156243.147935161
            ],
            [
              8626157.98396656,
              2156244.3053063178
            ],
            [
              8626157.430754019,
              2156277.89459044
            ],
            [
              8626121.774420602,
              2156277.324818089
            ],
            [
              8626121.774420602,
              2156243.147935161
            ]
          ]
        ]
      },
      "properties": {
        "parcel_id": "P0116",
        "survey_number": "SURVEY/08/004",
        "owner_reference": "Suresh Kulkarni",
        "land_use": "Agricultural",
        "area": 1217.76,
        "source_dataset": "Cadastral_Revenue_Map_2024",
        "confidence_score": 0.95
      }
    },
    {
      "type": "Feature",
      "geometry": {
        "type": "Polygon",
        "coordinates": [
          [
            [
              8626161.123366268,
              2156246.4631931083
            ],
            [
              8626198.114914387,
              2156246.0672506313
            ],
            [
              8626199.283373939,
              2156277.210043158
            ],
            [
              8626161.123366268,
              2156277.9399662744
            ],
            [
              8626161.123366268,
              2156246.4631931083
            ]
          ]
        ]
      },
      "properties": {
        "parcel_id": "P0117",
        "survey_number": "SURVEY/08/005",
        "owner_reference": "Suresh Joshi",
        "land_use": "Commercial",
        "area": 1176.82,
        "source_dataset": "Cadastral_Revenue_Map_2024",
        "confidence_score": 0.95
      }
    },
    {
      "type": "Feature",
      "geometry": {
        "type": "Polygon",
        "coordinates": [
          [
            [
              8626201.204592349,
              2156245.9083252973
            ],
            [
              8626236.678154385,
              2156246.875349136
            ],
            [
              8626236.814577578,
              2156279.5230450905
            ],
            [
              8626201.204592349,
              2156278.986679375
            ],
            [
              8626201.204592349,
              2156245.9083252973
            ]
          ]
        ]
      },
      "properties": {
        "parcel_id": "P0118",
        "survey_number": "SURVEY/08/006",
        "owner_reference": "Priya Joshi",
        "land_use": "Vacant/Open Land",
        "area": 1167.96,
        "source_dataset": "Cadastral_Revenue_Map_2024",
        "confidence_score": 0.95
      }
    },
    {
      "type": "Feature",
      "geometry": {
        "type": "Polygon",
        "coordinates": [
          [
            [
              8626239.775633525,
              2156244.788518639
            ],
            [
              8626279.1365199,
              2156245.1330730855
            ],
            [
              8626278.941341411,
              2156280.258162024
            ],
            [
              8626239.775633525,
              2156280.6765699554
            ],
            [
              8626239.775633525,
              2156244.788518639
            ]
          ]
        ]
      },
      "properties": {
        "parcel_id": "P0119",
        "survey_number": "SURVEY/08/007",
        "owner_reference": "Rajesh Verma",
        "land_use": "Vacant/Open Land",
        "area": 1394.1,
        "source_dataset": "Cadastral_Revenue_Map_2024",
        "confidence_score": 0.95
      }
    },
    {
      "type": "Feature",
      "geometry": {
        "type": "Polygon",
        "coordinates": [
          [
            [
              8626281.811157584,
              2156243.5711178733
            ],
            [
              8626320.456595004,
              2156242.1755147707
            ],
            [
              8626319.158295093,
              2156278.2589896917
            ],
            [
              8626281.811157584,
              2156279.0945358123
            ],
            [
              8626281.811157584,
              2156243.5711178733
            ]
          ]
        ]
      },
      "properties": {
        "parcel_id": "P0120",
        "survey_number": "SURVEY/08/008",
        "owner_reference": "Ananya Joshi",
        "land_use": "Agricultural",
        "area": 1359.67,
        "source_dataset": "Cadastral_Revenue_Map_2024",
        "confidence_score": 0.95
      }
    },
    {
      "type": "Feature",
      "geometry": {
        "type": "Polygon",
        "coordinates": [
          [
            [
              8626318.613752654,
              2156244.799690275
            ],
            [
              8626355.8395397,
              2156243.5303465617
            ],
            [
              8626354.752625022,
              2156277.46332601
            ],
            [
              8626318.613752654,
              2156277.064175856
            ],
            [
              8626318.613752654,
              2156244.799690275
            ]
          ]
        ]
      },
      "properties": {
        "parcel_id": "P0121",
        "survey_number": "SURVEY/08/009",
        "owner_reference": "Ananya Rao",
        "land_use": "Commercial",
        "area": 1213.9,
        "source_dataset": "Cadastral_Revenue_Map_2024",
        "confidence_score": 0.95
      }
    },
    {
      "type": "Feature",
      "geometry": {
        "type": "Polygon",
        "coordinates": [
          [
            [
              8626358.744192198,
              2156245.070981097
            ],
            [
              8626399.225447232,
              2156245.8958745473
            ],
            [
              8626399.837560665,
              2156275.77754707
            ],
            [
              8626358.744192198,
              2156274.921258346
            ],
            [
              8626358.744192198,
              2156245.070981097
            ]
          ]
        ]
      },
      "properties": {
        "parcel_id": "P0122",
        "survey_number": "SURVEY/08/010",
        "owner_reference": "Kavita Rao",
        "land_use": "Vacant/Open Land",
        "area": 1217.9,
        "source_dataset": "Cadastral_Revenue_Map_2024",
        "confidence_score": 0.95
      }
    },
    {
      "type": "Feature",
      "geometry": {
        "type": "Polygon",
        "coordinates": [
          [
            [
              8626398.490549687,
              2156246.4113051617
            ],
            [
              8626436.202805799,
              2156246.24663874
            ],
            [
              8626434.966178022,
              2156281.803379346
            ],
            [
              8626398.490549687,
              2156282.3491671267
            ],
            [
              8626398.490549687,
              2156246.4113051617
            ]
          ]
        ]
      },
      "properties": {
        "parcel_id": "P0123",
        "survey_number": "SURVEY/08/011",
        "owner_reference": "Ananya Joshi",
        "land_use": "Vacant/Open Land",
        "area": 1325.79,
        "source_dataset": "Cadastral_Revenue_Map_2024",
        "confidence_score": 0.95
      }
    },
    {
      "type": "Feature",
      "geometry": {
        "type": "Polygon",
        "coordinates": [
          [
            [
              8626440.847236415,
              2156246.709297827
            ],
            [
              8626479.67343655,
              2156246.7355650626
            ],
            [
              8626478.537523916,
              2156281.47147613
            ],
            [
              8626440.847236415,
              2156280.5744172437
            ],
            [
              8626440.847236415,
              2156246.709297827
            ]
          ]
        ]
      },
      "properties": {
        "parcel_id": "P0124",
        "survey_number": "SURVEY/08/012",
        "owner_reference": "Amit Singh",
        "land_use": "Agricultural",
        "area": 1312.54,
        "source_dataset": "Cadastral_Revenue_Map_2024",
        "confidence_score": 0.95
      }
    },
    {
      "type": "Feature",
      "geometry": {
        "type": "Polygon",
        "coordinates": [
          [
            [
              8626480.206587736,
              2156245.4477934507
            ],
            [
              8626515.723880626,
              2156246.9465785823
            ],
            [
              8626516.380489606,
              2156277.3035377557
            ],
            [
              8626480.206587736,
              2156277.3806247204
            ],
            [
              8626480.206587736,
              2156245.4477934507
            ]
          ]
        ]
      },
      "properties": {
        "parcel_id": "P0125",
        "survey_number": "SURVEY/08/013",
        "owner_reference": "Suresh Nair",
        "land_use": "Residential",
        "area": 1116.17,
        "source_dataset": "Cadastral_Revenue_Map_2024",
        "confidence_score": 0.95
      }
    },
    {
      "type": "Feature",
      "geometry": {
        "type": "Polygon",
        "coordinates": [
          [
            [
              8626520.069440048,
              2156243.513338443
            ],
            [
              8626560.043762418,
              2156243.776696414
            ],
            [
              8626560.84710733,
              2156276.8211591044
            ],
            [
              8626520.069440048,
              2156275.708257978
            ],
            [
              8626520.069440048,
              2156243.513338443
            ]
          ]
        ]
      },
      "properties": {
        "parcel_id": "P0126",
        "survey_number": "SURVEY/08/014",
        "owner_reference": "Ramesh Sharma",
        "land_use": "Residential",
        "area": 1316.78,
        "source_dataset": "Cadastral_Revenue_Map_2024",
        "confidence_score": 0.95
      }
    },
    {
      "type": "Feature",
      "geometry": {
        "type": "Polygon",
        "coordinates": [
          [
            [
              8626558.90188114,
              2156246.789932547
            ],
            [
              8626597.0152679,
              2156245.5265122615
            ],
            [
              8626596.104173658,
              2156278.4942224086
            ],
            [
              8626558.90188114,
              2156279.8632772896
            ],
            [
              8626558.90188114,
              2156246.789932547
            ]
          ]
        ]
      },
      "properties": {
        "parcel_id": "P0127",
        "survey_number": "SURVEY/08/015",
        "owner_reference": "Vikram Patel",
        "land_use": "Vacant/Open Land",
        "area": 1242.88,
        "source_dataset": "Cadastral_Revenue_Map_2024",
        "confidence_score": 0.95
      }
    },
    {
      "type": "Feature",
      "geometry": {
        "type": "Polygon",
        "coordinates": [
          [
            [
              8626601.766427951,
              2156243.6167770675
            ],
            [
              8626640.718825191,
              2156243.932193791
            ],
            [
              8626641.746415203,
              2156277.9405736784
            ],
            [
              8626601.766427951,
              2156278.1314277817
            ],
            [
              8626601.766427951,
              2156243.6167770675
            ]
          ]
        ]
      },
      "properties": {
        "parcel_id": "P0128",
        "survey_number": "SURVEY/08/016",
        "owner_reference": "Rajesh Verma",
        "land_use": "Residential",
        "area": 1352.14,
        "source_dataset": "Cadastral_Revenue_Map_2024",
        "confidence_score": 0.95
      }
    },
    {
      "type": "Feature",
      "geometry": {
        "type": "Polygon",
        "coordinates": [
          [
            [
              8625999.05862363,
              2156278.843233519
            ],
            [
              8626037.491446845,
              2156277.4340912146
            ],
            [
              8626038.65843749,
              2156312.5518840766
            ],
            [
              8625999.05862363,
              2156312.6886165272
            ],
            [
              8625999.05862363,
              2156278.843233519
            ]
          ]
        ]
      },
      "properties": {
        "parcel_id": "P0129",
        "survey_number": "SURVEY/09/001",
        "owner_reference": "Vikram Deshmukh",
        "land_use": "Commercial",
        "area": 1345.8,
        "source_dataset": "Cadastral_Revenue_Map_2024",
        "confidence_score": 0.95
      }
    },
    {
      "type": "Feature",
      "geometry": {
        "type": "Polygon",
        "coordinates": [
          [
            [
              8626039.189735485,
              2156278.291892102
            ],
            [
              8626074.549213683,
              2156278.244645492
            ],
            [
              8626073.661282724,
              2156310.9295251016
            ],
            [
              8626039.189735485,
              2156311.24950589
            ],
            [
              8626039.189735485,
              2156278.291892102
            ]
          ]
        ]
      },
      "properties": {
        "parcel_id": "P0130",
        "survey_number": "SURVEY/09/002",
        "owner_reference": "Ananya Joshi",
        "land_use": "Vacant/Open Land",
        "area": 1145.89,
        "source_dataset": "Cadastral_Revenue_Map_2024",
        "confidence_score": 0.95
      }
    },
    {
      "type": "Feature",
      "geometry": {
        "type": "Polygon",
        "coordinates": [
          [
            [
              8626079.594866429,
              2156281.0426599793
            ],
            [
              8626117.684747232,
              2156280.267873562
            ],
            [
              8626116.552312959,
              2156311.679763581
            ],
            [
              8626079.594866429,
              2156311.528551617
            ],
            [
              8626079.594866429,
              2156281.0426599793
            ]
          ]
        ]
      },
      "properties": {
        "parcel_id": "P0131",
        "survey_number": "SURVEY/09/003",
        "owner_reference": "Amit Verma",
        "land_use": "Residential",
        "area": 1161.14,
        "source_dataset": "Cadastral_Revenue_Map_2024",
        "confidence_score": 0.95
      }
    },
    {
      "type": "Feature",
      "geometry": {
        "type": "Polygon",
        "coordinates": [
          [
            [
              8626121.461230006,
              2156278.6387986485
            ],
            [
              8626158.42584493,
              2156278.076943411
            ],
            [
              8626159.215209056,
              2156312.1049208757
            ],
            [
              8626121.461230006,
              2156312.099717502
            ],
            [
              8626121.461230006,
              2156278.6387986485
            ]
          ]
        ]
      },
      "properties": {
        "parcel_id": "P0132",
        "survey_number": "SURVEY/09/004",
        "owner_reference": "Ramesh Deshmukh",
        "land_use": "Agricultural",
        "area": 1260.78,
        "source_dataset": "Cadastral_Revenue_Map_2024",
        "confidence_score": 0.95
      }
    },
    {
      "type": "Feature",
      "geometry": {
        "type": "Polygon",
        "coordinates": [
          [
            [
              8626158.36019638,
              2156279.5729687363
            ],
            [
              8626196.103580233,
              2156279.8230010723
            ],
            [
              8626194.749554632,
              2156311.0173405805
            ],
            [
              8626158.36019638,
              2156310.3614095957
            ],
            [
              8626158.36019638,
              2156279.5729687363
            ]
          ]
        ]
      },
      "properties": {
        "parcel_id": "P0133",
        "survey_number": "SURVEY/09/005",
        "owner_reference": "Kavita Deshmukh",
        "land_use": "Industrial",
        "area": 1149.05,
        "source_dataset": "Cadastral_Revenue_Map_2024",
        "confidence_score": 0.95
      }
    },
    {
      "type": "Feature",
      "geometry": {
        "type": "Polygon",
        "coordinates": [
          [
            [
              8626200.910032254,
              2156281.0554270567
            ],
            [
              8626238.105656369,
              2156281.2662719884
            ],
            [
              8626237.189622274,
              2156313.458916783
            ],
            [
              8626200.910032254,
              2156313.618585563
            ],
            [
              8626200.910032254,
              2156281.0554270567
            ]
          ]
        ]
      },
      "properties": {
        "parcel_id": "P0134",
        "survey_number": "SURVEY/09/006",
        "owner_reference": "Priya Gupta",
        "land_use": "Public/Government",
        "area": 1189.5,
        "source_dataset": "Cadastral_Revenue_Map_2024",
        "confidence_score": 0.95
      }
    },
    {
      "type": "Feature",
      "geometry": {
        "type": "Polygon",
        "coordinates": [
          [
            [
              8626240.444172565,
              2156278.5146535626
            ],
            [
              8626276.02426148,
              2156279.9750165557
            ],
            [
              8626276.197756995,
              2156310.7538435804
            ],
            [
              8626240.444172565,
              2156310.3506627
            ],
            [
              8626240.444172565,
              2156278.5146535626
            ]
          ]
        ]
      },
      "properties": {
        "parcel_id": "P0135",
        "survey_number": "SURVEY/09/007",
        "owner_reference": "Amit Singh",
        "land_use": "Public/Government",
        "area": 1116.56,
        "source_dataset": "Cadastral_Revenue_Map_2024",
        "confidence_score": 0.95
      }
    },
    {
      "type": "Feature",
      "geometry": {
        "type": "Polygon",
        "coordinates": [
          [
            [
              8626279.332162822,
              2156279.8949766015
            ],
            [
              8626317.074094178,
              2156279.941493798
            ],
            [
              8626316.55799172,
              2156313.532539736
            ],
            [
              8626279.332162822,
              2156313.871744099
            ],
            [
              8626279.332162822,
              2156279.8949766015
            ]
          ]
        ]
      },
      "properties": {
        "parcel_id": "P0136",
        "survey_number": "SURVEY/09/008",
        "owner_reference": "Amit Gupta",
        "land_use": "Public/Government",
        "area": 1266.31,
        "source_dataset": "Cadastral_Revenue_Map_2024",
        "confidence_score": 0.95
      }
    },
    {
      "type": "Feature",
      "geometry": {
        "type": "Polygon",
        "coordinates": [
          [
            [
              8626319.345493808,
              2156281.313157544
            ],
            [
              8626357.539532788,
              2156280.7125292383
            ],
            [
              8626358.486779287,
              2156315.5655963826
            ],
            [
              8626319.345493808,
              2156315.1706698122
            ],
            [
              8626319.345493808,
              2156281.313157544
            ]
          ]
        ]
      },
      "properties": {
        "parcel_id": "P0137",
        "survey_number": "SURVEY/09/009",
        "owner_reference": "Priya Gupta",
        "land_use": "Public/Government",
        "area": 1328.49,
        "source_dataset": "Cadastral_Revenue_Map_2024",
        "confidence_score": 0.95
      }
    },
    {
      "type": "Feature",
      "geometry": {
        "type": "Polygon",
        "coordinates": [
          [
            [
              8626360.387638465,
              2156279.062121748
            ],
            [
              8626399.321184298,
              2156279.297544745
            ],
            [
              8626398.503813975,
              2156314.8944629324
            ],
            [
              8626360.387638465,
              2156313.5485284277
            ],
            [
              8626360.387638465,
              2156279.062121748
            ]
          ]
        ]
      },
      "properties": {
        "parcel_id": "P0138",
        "survey_number": "SURVEY/09/010",
        "owner_reference": "Meena Patel",
        "land_use": "Public/Government",
        "area": 1350.3,
        "source_dataset": "Cadastral_Revenue_Map_2024",
        "confidence_score": 0.95
      }
    },
    {
      "type": "Feature",
      "geometry": {
        "type": "Polygon",
        "coordinates": [
          [
            [
              8626400.72290758,
              2156278.1262820535
            ],
            [
              8626441.412138605,
              2156276.683094156
            ],
            [
              8626440.853216056,
              2156308.7856551814
            ],
            [
              8626400.72290758,
              2156307.739948956
            ],
            [
              8626400.72290758,
              2156278.1262820535
            ]
          ]
        ]
      },
      "properties": {
        "parcel_id": "P0139",
        "survey_number": "SURVEY/09/011",
        "owner_reference": "Sunita Gupta",
        "land_use": "Public/Government",
        "area": 1246.91,
        "source_dataset": "Cadastral_Revenue_Map_2024",
        "confidence_score": 0.95
      }
    },
    {
      "type": "Feature",
      "geometry": {
        "type": "Polygon",
        "coordinates": [
          [
            [
              8626441.491270836,
              2156280.9433490853
            ],
            [
              8626476.864958553,
              2156280.0653742
            ],
            [
              8626476.340107156,
              2156311.771844
            ],
            [
              8626441.491270836,
              2156312.2585243993
            ],
            [
              8626441.491270836,
              2156280.9433490853
            ]
          ]
        ]
      },
      "properties": {
        "parcel_id": "P0140",
        "survey_number": "SURVEY/09/012",
        "owner_reference": "Ramesh Gupta",
        "land_use": "Industrial",
        "area": 1106.21,
        "source_dataset": "Cadastral_Revenue_Map_2024",
        "confidence_score": 0.95
      }
    },
    {
      "type": "Feature",
      "geometry": {
        "type": "Polygon",
        "coordinates": [
          [
            [
              8626480.132508257,
              2156280.185092877
            ],
            [
              8626519.187719718,
              2156280.727330546
            ],
            [
              8626520.098677307,
              2156315.3910192978
            ],
            [
              8626480.132508257,
              2156314.6841058475
            ],
            [
              8626480.132508257,
              2156280.185092877
            ]
          ]
        ]
      },
      "properties": {
        "parcel_id": "P0141",
        "survey_number": "SURVEY/09/013",
        "owner_reference": "Meena Singh",
        "land_use": "Commercial",
        "area": 1366.05,
        "source_dataset": "Cadastral_Revenue_Map_2024",
        "confidence_score": 0.95
      }
    },
    {
      "type": "Feature",
      "geometry": {
        "type": "Polygon",
        "coordinates": [
          [
            [
              8626521.084697077,
              2156280.819603747
            ],
            [
              8626560.226136547,
              2156280.759014017
            ],
            [
              8626560.407599317,
              2156313.753622224
            ],
            [
              8626521.084697077,
              2156315.057078392
            ],
            [
              8626521.084697077,
              2156280.819603747
            ]
          ]
        ]
      },
      "properties": {
        "parcel_id": "P0142",
        "survey_number": "SURVEY/09/014",
        "owner_reference": "Vikram Rao",
        "land_use": "Residential",
        "area": 1318.89,
        "source_dataset": "Cadastral_Revenue_Map_2024",
        "confidence_score": 0.95
      }
    },
    {
      "type": "Feature",
      "geometry": {
        "type": "Polygon",
        "coordinates": [
          [
            [
              8626559.3805387,
              2156281.092257315
            ],
            [
              8626595.259395432,
              2156282.4581984677
            ],
            [
              8626593.99648374,
              2156311.344656236
            ],
            [
              8626559.3805387,
              2156312.6166851316
            ],
            [
              8626559.3805387,
              2156281.092257315
            ]
          ]
        ]
      },
      "properties": {
        "parcel_id": "P0143",
        "survey_number": "SURVEY/09/015",
        "owner_reference": "Vikram Deshmukh",
        "land_use": "Commercial",
        "area": 1064.69,
        "source_dataset": "Cadastral_Revenue_Map_2024",
        "confidence_score": 0.95
      }
    },
    {
      "type": "Feature",
      "geometry": {
        "type": "Polygon",
        "coordinates": [
          [
            [
              8626598.54909182,
              2156280.4627081375
            ],
            [
              8626637.070074812,
              2156280.972210032
            ],
            [
              8626637.163199281,
              2156311.917456368
            ],
            [
              8626598.54909182,
              2156312.331290088
            ],
            [
              8626598.54909182,
              2156280.4627081375
            ]
          ]
        ]
      },
      "properties": {
        "parcel_id": "P0144",
        "survey_number": "SURVEY/09/016",
        "owner_reference": "Rajesh Verma",
        "land_use": "Agricultural",
        "area": 1211.29,
        "source_dataset": "Cadastral_Revenue_Map_2024",
        "confidence_score": 0.95
      }
    },
    {
      "type": "Feature",
      "geometry": {
        "type": "Polygon",
        "coordinates": [
          [
            [
              8626001.85807507,
              2156316.911642847
            ],
            [
              8626037.805721527,
              2156318.0535852187
            ],
            [
              8626037.73282046,
              2156350.8289996334
            ],
            [
              8626001.85807507,
              2156351.2806157093
            ],
            [
              8626001.85807507,
              2156316.911642847
            ]
          ]
        ]
      },
      "properties": {
        "parcel_id": "P0145",
        "survey_number": "SURVEY/10/001",
        "owner_reference": "Vikram Joshi",
        "land_use": "Industrial",
        "area": 1205.63,
        "source_dataset": "Cadastral_Revenue_Map_2024",
        "confidence_score": 0.95
      }
    },
    {
      "type": "Feature",
      "geometry": {
        "type": "Polygon",
        "coordinates": [
          [
            [
              8626040.140609108,
              2156315.892470713
            ],
            [
              8626080.760625387,
              2156314.917665039
            ],
            [
              8626081.907360306,
              2156351.3718490666
            ],
            [
              8626040.140609108,
              2156350.3992151893
            ],
            [
              8626040.140609108,
              2156315.892470713
            ]
          ]
        ]
      },
      "properties": {
        "parcel_id": "P0146",
        "survey_number": "SURVEY/10/002",
        "owner_reference": "Rajesh Gupta",
        "land_use": "Agricultural",
        "area": 1461.56,
        "source_dataset": "Cadastral_Revenue_Map_2024",
        "confidence_score": 0.95
      }
    },
    {
      "type": "Feature",
      "geometry": {
        "type": "Polygon",
        "coordinates": [
          [
            [
              8626078.149864703,
              2156314.1935688425
            ],
            [
              8626116.766562497,
              2156313.6986951837
            ],
            [
              8626116.629609732,
              2156349.7642979184
            ],
            [
              8626078.149864703,
              2156350.188235147
            ],
            [
              8626078.149864703,
              2156314.1935688425
            ]
          ]
        ]
      },
      "properties": {
        "parcel_id": "P0147",
        "survey_number": "SURVEY/10/003",
        "owner_reference": "Ramesh Deshmukh",
        "land_use": "Commercial",
        "area": 1388.87,
        "source_dataset": "Cadastral_Revenue_Map_2024",
        "confidence_score": 0.95
      }
    },
    {
      "type": "Feature",
      "geometry": {
        "type": "Polygon",
        "coordinates": [
          [
            [
              8626118.771245593,
              2156313.450587044
            ],
            [
              8626154.74621117,
              2156312.7223816845
            ],
            [
              8626153.804808376,
              2156346.20407387
            ],
            [
              8626118.771245593,
              2156346.9139275565
            ],
            [
              8626118.771245593,
              2156313.450587044
            ]
          ]
        ]
      },
      "properties": {
        "parcel_id": "P0148",
        "survey_number": "SURVEY/10/004",
        "owner_reference": "Vikram Nair",
        "land_use": "Vacant/Open Land",
        "area": 1188.08,
        "source_dataset": "Cadastral_Revenue_Map_2024",
        "confidence_score": 0.95
      }
    },
    {
      "type": "Feature",
      "geometry": {
        "type": "Polygon",
        "coordinates": [
          [
            [
              8626161.424586017,
              2156316.588171047
            ],
            [
              8626201.386524968,
              2156315.3483843566
            ],
            [
              8626201.894292528,
              2156349.6798550007
            ],
            [
              8626161.424586017,
              2156348.734198604
            ],
            [
              8626161.424586017,
              2156316.588171047
            ]
          ]
        ]
      },
      "properties": {
        "parcel_id": "P0149",
        "survey_number": "SURVEY/10/005",
        "owner_reference": "Amit Deshmukh",
        "land_use": "Industrial",
        "area": 1336.76,
        "source_dataset": "Cadastral_Revenue_Map_2024",
        "confidence_score": 0.95
      }
    },
    {
      "type": "Feature",
      "geometry": {
        "type": "Polygon",
        "coordinates": [
          [
            [
              8626199.534297563,
              2156314.786942087
            ],
            [
              8626236.136263525,
              2156315.034324342
            ],
            [
              8626236.354895568,
              2156346.764693907
            ],
            [
              8626199.534297563,
              2156346.0493533593
            ],
            [
              8626199.534297563,
              2156314.786942087
            ]
          ]
        ]
      },
      "properties": {
        "parcel_id": "P0150",
        "survey_number": "SURVEY/10/006",
        "owner_reference": "Ananya Singh",
        "land_use": "Residential",
        "area": 1156.22,
        "source_dataset": "Cadastral_Revenue_Map_2024",
        "confidence_score": 0.95
      }
    },
    {
      "type": "Feature",
      "geometry": {
        "type": "Polygon",
        "coordinates": [
          [
            [
              8626241.692424055,
              2156316.551205656
            ],
            [
              8626281.31147034,
              2156316.9673396316
            ],
            [
              8626282.633377211,
              2156350.6929479204
            ],
            [
              8626241.692424055,
              2156350.29557963
            ],
            [
              8626241.692424055,
              2156316.551205656
            ]
          ]
        ]
      },
      "properties": {
        "parcel_id": "P0151",
        "survey_number": "SURVEY/10/007",
        "owner_reference": "Sunita Singh",
        "land_use": "Commercial",
        "area": 1358.58,
        "source_dataset": "Cadastral_Revenue_Map_2024",
        "confidence_score": 0.95
      }
    },
    {
      "type": "Feature",
      "geometry": {
        "type": "Polygon",
        "coordinates": [
          [
            [
              8626280.807762908,
              2156316.651187553
            ],
            [
              8626320.351866048,
              2156317.62799808
            ],
            [
              8626321.137444908,
              2156351.463157504
            ],
            [
              8626280.807762908,
              2156352.0041832635
            ],
            [
              8626280.807762908,
              2156316.651187553
            ]
          ]
        ]
      },
      "properties": {
        "parcel_id": "P0152",
        "survey_number": "SURVEY/10/008",
        "owner_reference": "Kavita Verma",
        "land_use": "Public/Government",
        "area": 1381.49,
        "source_dataset": "Cadastral_Revenue_Map_2024",
        "confidence_score": 0.95
      }
    },
    {
      "type": "Feature",
      "geometry": {
        "type": "Polygon",
        "coordinates": [
          [
            [
              8626318.24703219,
              2156315.190596995
            ],
            [
              8626356.279954527,
              2156314.140154139
            ],
            [
              8626355.76430744,
              2156348.6268070405
            ],
            [
              8626318.24703219,
              2156348.687831664
            ],
            [
              8626318.24703219,
              2156315.190596995
            ]
          ]
        ]
      },
      "properties": {
        "parcel_id": "P0153",
        "survey_number": "SURVEY/10/009",
        "owner_reference": "Priya Singh",
        "land_use": "Vacant/Open Land",
        "area": 1283.91,
        "source_dataset": "Cadastral_Revenue_Map_2024",
        "confidence_score": 0.95
      }
    },
    {
      "type": "Feature",
      "geometry": {
        "type": "Polygon",
        "coordinates": [
          [
            [
              8626359.8137292,
              2156315.052991373
            ],
            [
              8626397.554520056,
              2156314.94012629
            ],
            [
              8626398.475266114,
              2156345.3994120588
            ],
            [
              8626359.8137292,
              2156346.069252298
            ],
            [
              8626359.8137292,
              2156315.052991373
            ]
          ]
        ]
      },
      "properties": {
        "parcel_id": "P0154",
        "survey_number": "SURVEY/10/010",
        "owner_reference": "Suresh Rao",
        "land_use": "Residential",
        "area": 1174.4,
        "source_dataset": "Cadastral_Revenue_Map_2024",
        "confidence_score": 0.95
      }
    },
    {
      "type": "Feature",
      "geometry": {
        "type": "Polygon",
        "coordinates": [
          [
            [
              8626398.181159211,
              2156314.3781154663
            ],
            [
              8626433.563718684,
              2156315.681863863
            ],
            [
              8626432.270776123,
              2156350.3428574293
            ],
            [
              8626398.181159211,
              2156351.644184117
            ],
            [
              8626398.181159211,
              2156314.3781154663
            ]
          ]
        ]
      },
      "properties": {
        "parcel_id": "P0155",
        "survey_number": "SURVEY/10/011",
        "owner_reference": "Rajesh Rao",
        "land_use": "Agricultural",
        "area": 1249.23,
        "source_dataset": "Cadastral_Revenue_Map_2024",
        "confidence_score": 0.95
      }
    },
    {
      "type": "Feature",
      "geometry": {
        "type": "Polygon",
        "coordinates": [
          [
            [
              8626441.855130268,
              2156314.4978436828
            ],
            [
              8626482.2031319,
              2156315.749188913
            ],
            [
              8626481.835620949,
              2156347.1890664785
            ],
            [
              8626441.855130268,
              2156345.9298164565
            ],
            [
              8626441.855130268,
              2156314.4978436828
            ]
          ]
        ]
      },
      "properties": {
        "parcel_id": "P0156",
        "survey_number": "SURVEY/10/012",
        "owner_reference": "Ramesh Patel",
        "land_use": "Vacant/Open Land",
        "area": 1262.83,
        "source_dataset": "Cadastral_Revenue_Map_2024",
        "confidence_score": 0.95
      }
    },
    {
      "type": "Feature",
      "geometry": {
        "type": "Polygon",
        "coordinates": [
          [
            [
              8626481.971387105,
              2156314.572234527
            ],
            [
              8626517.735469628,
              2156315.576699362
            ],
            [
              8626518.504007872,
              2156350.444580789
            ],
            [
              8626481.971387105,
              2156351.880052837
            ],
            [
              8626481.971387105,
              2156314.572234527
            ]
          ]
        ]
      },
      "properties": {
        "parcel_id": "P0157",
        "survey_number": "SURVEY/10/013",
        "owner_reference": "Meena Kulkarni",
        "land_use": "Agricultural",
        "area": 1304.6,
        "source_dataset": "Cadastral_Revenue_Map_2024",
        "confidence_score": 0.95
      }
    },
    {
      "type": "Feature",
      "geometry": {
        "type": "Polygon",
        "coordinates": [
          [
            [
              8626519.102598911,
              2156316.7496414445
            ],
            [
              8626558.452742586,
              2156317.6780759953
            ],
            [
              8626558.21046438,
              2156347.426709277
            ],
            [
              8626519.102598911,
              2156348.2248696797
            ],
            [
              8626519.102598911,
              2156316.7496414445
            ]
          ]
        ]
      },
      "properties": {
        "parcel_id": "P0158",
        "survey_number": "SURVEY/10/014",
        "owner_reference": "Rajesh Singh",
        "land_use": "Commercial",
        "area": 1200.88,
        "source_dataset": "Cadastral_Revenue_Map_2024",
        "confidence_score": 0.95
      }
    },
    {
      "type": "Feature",
      "geometry": {
        "type": "Polygon",
        "coordinates": [
          [
            [
              8626561.488849672,
              2156313.9789366047
            ],
            [
              8626596.754270053,
              2156314.098216031
            ],
            [
              8626597.517427178,
              2156346.6127134734
            ],
            [
              8626561.488849672,
              2156347.440904338
            ],
            [
              8626561.488849672,
              2156313.9789366047
            ]
          ]
        ]
      },
      "properties": {
        "parcel_id": "P0159",
        "survey_number": "SURVEY/10/015",
        "owner_reference": "Amit Kulkarni",
        "land_use": "Industrial",
        "area": 1176.07,
        "source_dataset": "Cadastral_Revenue_Map_2024",
        "confidence_score": 0.95
      }
    },
    {
      "type": "Feature",
      "geometry": {
        "type": "Polygon",
        "coordinates": [
          [
            [
              8626601.09015285,
              2156316.2735299566
            ],
            [
              8626637.511577059,
              2156317.730616639
            ],
            [
              8626637.575330222,
              2156351.5310798897
            ],
            [
              8626601.09015285,
              2156351.271760509
            ],
            [
              8626601.09015285,
              2156316.2735299566
            ]
          ]
        ]
      },
      "properties": {
        "parcel_id": "P0160",
        "survey_number": "SURVEY/10/016",
        "owner_reference": "Vikram Sharma",
        "land_use": "Public/Government",
        "area": 1253.94,
        "source_dataset": "Cadastral_Revenue_Map_2024",
        "confidence_score": 0.95
      }
    },
    {
      "type": "Feature",
      "geometry": {
        "type": "Polygon",
        "coordinates": [
          [
            [
              8626001.646310663,
              2156350.5039725504
            ],
            [
              8626039.209514156,
              2156351.9208432566
            ],
            [
              8626040.534273386,
              2156383.4776972756
            ],
            [
              8626001.646310663,
              2156383.9917248497
            ],
            [
              8626001.646310663,
              2156350.5039725504
            ]
          ]
        ]
      },
      "properties": {
        "parcel_id": "P0161",
        "survey_number": "SURVEY/11/001",
        "owner_reference": "Ramesh Joshi",
        "land_use": "Vacant/Open Land",
        "area": 1242.88,
        "source_dataset": "Cadastral_Revenue_Map_2024",
        "confidence_score": 0.95
      }
    },
    {
      "type": "Feature",
      "geometry": {
        "type": "Polygon",
        "coordinates": [
          [
            [
              8626039.894075282,
              2156351.397363729
            ],
            [
              8626076.698493795,
              2156352.3146922085
            ],
            [
              8626077.942717317,
              2156385.642824514
            ],
            [
              8626039.894075282,
              2156385.8299823627
            ],
            [
              8626039.894075282,
              2156351.397363729
            ]
          ]
        ]
      },
      "properties": {
        "parcel_id": "P0162",
        "survey_number": "SURVEY/11/002",
        "owner_reference": "Suresh Kulkarni",
        "land_use": "Public/Government",
        "area": 1267.8,
        "source_dataset": "Cadastral_Revenue_Map_2024",
        "confidence_score": 0.95
      }
    },
    {
      "type": "Feature",
      "geometry": {
        "type": "Polygon",
        "coordinates": [
          [
            [
              8626081.688904418,
              2156351.388533544
            ],
            [
              8626117.243688397,
              2156350.459978399
            ],
            [
              8626116.549073162,
              2156385.736041818
            ],
            [
              8626081.688904418,
              2156386.2570575797
            ],
            [
              8626081.688904418,
              2156351.388533544
            ]
          ]
        ]
      },
      "properties": {
        "parcel_id": "P0163",
        "survey_number": "SURVEY/11/003",
        "owner_reference": "Kavita Sharma",
        "land_use": "Residential",
        "area": 1234.56,
        "source_dataset": "Cadastral_Revenue_Map_2024",
        "confidence_score": 0.95
      }
    },
    {
      "type": "Feature",
      "geometry": {
        "type": "Polygon",
        "coordinates": [
          [
            [
              8626119.917576825,
              2156351.477895406
            ],
            [
              8626156.91536269,
              2156350.0238965247
            ],
            [
              8626158.226841979,
              2156387.220013969
            ],
            [
              8626119.917576825,
              2156388.6062466376
            ],
            [
              8626119.917576825,
              2156351.477895406
            ]
          ]
        ]
      },
      "properties": {
        "parcel_id": "P0164",
        "survey_number": "SURVEY/11/004",
        "owner_reference": "Priya Deshmukh",
        "land_use": "Commercial",
        "area": 1400.22,
        "source_dataset": "Cadastral_Revenue_Map_2024",
        "confidence_score": 0.95
      }
    },
    {
      "type": "Feature",
      "geometry": {
        "type": "Polygon",
        "coordinates": [
          [
            [
              8626159.286460035,
              2156349.13223679
            ],
            [
              8626197.0839628,
              2156348.557503643
            ],
            [
              8626196.662896654,
              2156383.0245648297
            ],
            [
              8626159.286460035,
              2156384.173000687
            ],
            [
              8626159.286460035,
              2156349.13223679
            ]
          ]
        ]
      },
      "properties": {
        "parcel_id": "P0165",
        "survey_number": "SURVEY/11/005",
        "owner_reference": "Meena Verma",
        "land_use": "Vacant/Open Land",
        "area": 1306.11,
        "source_dataset": "Cadastral_Revenue_Map_2024",
        "confidence_score": 0.95
      }
    },
    {
      "type": "Feature",
      "geometry": {
        "type": "Polygon",
        "coordinates": [
          [
            [
              8626199.655720683,
              2156350.2500989097
            ],
            [
              8626235.983365273,
              2156349.5324212397
            ],
            [
              8626237.287640024,
              2156381.1256351885
            ],
            [
              8626199.655720683,
              2156381.363063967
            ],
            [
              8626199.655720683,
              2156350.2500989097
            ]
          ]
        ]
      },
      "properties": {
        "parcel_id": "P0166",
        "survey_number": "SURVEY/11/006",
        "owner_reference": "Suresh Rao",
        "land_use": "Commercial",
        "area": 1159.74,
        "source_dataset": "Cadastral_Revenue_Map_2024",
        "confidence_score": 0.95
      }
    },
    {
      "type": "Feature",
      "geometry": {
        "type": "Polygon",
        "coordinates": [
          [
            [
              8626240.20257013,
              2156351.7738581803
            ],
            [
              8626277.227955833,
              2156351.7397214817
            ],
            [
              8626277.898629673,
              2156386.3540219343
            ],
            [
              8626240.20257013,
              2156387.0728042065
            ],
            [
              8626240.20257013,
              2156351.7738581803
            ]
          ]
        ]
      },
      "properties": {
        "parcel_id": "P0167",
        "survey_number": "SURVEY/11/007",
        "owner_reference": "Meena Patel",
        "land_use": "Vacant/Open Land",
        "area": 1306.13,
        "source_dataset": "Cadastral_Revenue_Map_2024",
        "confidence_score": 0.95
      }
    },
    {
      "type": "Feature",
      "geometry": {
        "type": "Polygon",
        "coordinates": [
          [
            [
              8626280.881254124,
              2156349.953265285
            ],
            [
              8626321.382650461,
              2156350.3786936747
            ],
            [
              8626320.058846615,
              2156383.206086417
            ],
            [
              8626280.881254124,
              2156381.8075576886
            ],
            [
              8626280.881254124,
              2156349.953265285
            ]
          ]
        ]
      },
      "properties": {
        "parcel_id": "P0168",
        "survey_number": "SURVEY/11/008",
        "owner_reference": "Priya Sharma",
        "land_use": "Residential",
        "area": 1289.05,
        "source_dataset": "Cadastral_Revenue_Map_2024",
        "confidence_score": 0.95
      }
    },
    {
      "type": "Feature",
      "geometry": {
        "type": "Polygon",
        "coordinates": [
          [
            [
              8626318.036565846,
              2156350.0229316787
            ],
            [
              8626355.275770001,
              2156350.5231958674
            ],
            [
              8626355.625328084,
              2156383.729943094
            ],
            [
              8626318.036565846,
              2156383.679555555
            ],
            [
              8626318.036565846,
              2156350.0229316787
            ]
          ]
        ]
      },
      "properties": {
        "parcel_id": "P0169",
        "survey_number": "SURVEY/11/009",
        "owner_reference": "Meena Sharma",
        "land_use": "Residential",
        "area": 1250.76,
        "source_dataset": "Cadastral_Revenue_Map_2024",
        "confidence_score": 0.95
      }
    },
    {
      "type": "Feature",
      "geometry": {
        "type": "Polygon",
        "coordinates": [
          [
            [
              8626360.142952412,
              2156349.146754146
            ],
            [
              8626398.156248607,
              2156348.9384737723
            ],
            [
              8626399.475384345,
              2156383.3339086035
            ],
            [
              8626360.142952412,
              2156382.3717091265
            ],
            [
              8626360.142952412,
              2156349.146754146
            ]
          ]
        ]
      },
      "properties": {
        "parcel_id": "P0170",
        "survey_number": "SURVEY/11/010",
        "owner_reference": "Priya Kulkarni",
        "land_use": "Commercial",
        "area": 1307.29,
        "source_dataset": "Cadastral_Revenue_Map_2024",
        "confidence_score": 0.95
      }
    },
    {
      "type": "Feature",
      "geometry": {
        "type": "Polygon",
        "coordinates": [
          [
            [
              8626401.179745328,
              2156348.3160769753
            ],
            [
              8626441.935532093,
              2156347.545700658
            ],
            [
              8626442.527241042,
              2156381.0700634485
            ],
            [
              8626401.179745328,
              2156380.4699873696
            ],
            [
              8626401.179745328,
              2156348.3160769753
            ]
          ]
        ]
      },
      "properties": {
        "parcel_id": "P0171",
        "survey_number": "SURVEY/11/011",
        "owner_reference": "Priya Sharma",
        "land_use": "Residential",
        "area": 1348.13,
        "source_dataset": "Cadastral_Revenue_Map_2024",
        "confidence_score": 0.95
      }
    },
    {
      "type": "Feature",
      "geometry": {
        "type": "Polygon",
        "coordinates": [
          [
            [
              8626440.8113806,
              2156348.33074449
            ],
            [
              8626480.883359367,
              2156347.824556341
            ],
            [
              8626482.315347036,
              2156382.2001879415
            ],
            [
              8626440.8113806,
              2156383.6217071787
            ],
            [
              8626440.8113806,
              2156348.33074449
            ]
          ]
        ]
      },
      "properties": {
        "parcel_id": "P0172",
        "survey_number": "SURVEY/11/012",
        "owner_reference": "Ramesh Sharma",
        "land_use": "Commercial",
        "area": 1421.47,
        "source_dataset": "Cadastral_Revenue_Map_2024",
        "confidence_score": 0.95
      }
    },
    {
      "type": "Feature",
      "geometry": {
        "type": "Polygon",
        "coordinates": [
          [
            [
              8626478.186247883,
              2156348.29739224
            ],
            [
              8626518.739756744,
              2156348.487921832
            ],
            [
              8626517.338462085,
              2156383.693262145
            ],
            [
              8626478.186247883,
              2156384.979561229
            ],
            [
              8626478.186247883,
              2156348.29739224
            ]
          ]
        ]
      },
      "properties": {
        "parcel_id": "P0173",
        "survey_number": "SURVEY/11/013",
        "owner_reference": "Ananya Sharma",
        "land_use": "Commercial",
        "area": 1432.08,
        "source_dataset": "Cadastral_Revenue_Map_2024",
        "confidence_score": 0.95
      }
    },
    {
      "type": "Feature",
      "geometry": {
        "type": "Polygon",
        "coordinates": [
          [
            [
              8626518.307749966,
              2156348.649801003
            ],
            [
              8626554.750583133,
              2156348.3172708247
            ],
            [
              8626555.940160433,
              2156383.6577043636
            ],
            [
              8626518.307749966,
              2156383.1528938822
            ],
            [
              8626518.307749966,
              2156348.649801003
            ]
          ]
        ]
      },
      "properties": {
        "parcel_id": "P0174",
        "survey_number": "SURVEY/11/014",
        "owner_reference": "Amit Verma",
        "land_use": "Public/Government",
        "area": 1293.37,
        "source_dataset": "Cadastral_Revenue_Map_2024",
        "confidence_score": 0.95
      }
    },
    {
      "type": "Feature",
      "geometry": {
        "type": "Polygon",
        "coordinates": [
          [
            [
              8626558.39074315,
              2156348.9285760177
            ],
            [
              8626593.846852629,
              2156349.2701717187
            ],
            [
              8626594.133678615,
              2156382.559588477
            ],
            [
              8626558.39074315,
              2156383.9663500586
            ],
            [
              8626558.39074315,
              2156348.9285760177
            ]
          ]
        ]
      },
      "properties": {
        "parcel_id": "P0175",
        "survey_number": "SURVEY/11/015",
        "owner_reference": "Ananya Sharma",
        "land_use": "Vacant/Open Land",
        "area": 1216.28,
        "source_dataset": "Cadastral_Revenue_Map_2024",
        "confidence_score": 0.95
      }
    },
    {
      "type": "Feature",
      "geometry": {
        "type": "Polygon",
        "coordinates": [
          [
            [
              8626601.76457138,
              2156349.727391785
            ],
            [
              8626640.842740528,
              2156348.484474138
            ],
            [
              8626641.1985882,
              2156383.69142323
            ],
            [
              8626601.76457138,
              2156384.5855887514
            ],
            [
              8626601.76457138,
              2156349.727391785
            ]
          ]
        ]
      },
      "properties": {
        "parcel_id": "P0176",
        "survey_number": "SURVEY/11/016",
        "owner_reference": "Priya Verma",
        "land_use": "Industrial",
        "area": 1375.43,
        "source_dataset": "Cadastral_Revenue_Map_2024",
        "confidence_score": 0.95
      }
    },
    {
      "type": "Feature",
      "geometry": {
        "type": "Polygon",
        "coordinates": [
          [
            [
              8625999.266712915,
              2156383.426203671
            ],
            [
              8626034.29788425,
              2156383.005956163
            ],
            [
              8626033.60718358,
              2156415.275808402
            ],
            [
              8625999.266712915,
              2156414.1733294153
            ],
            [
              8625999.266712915,
              2156383.426203671
            ]
          ]
        ]
      },
      "properties": {
        "parcel_id": "P0177",
        "survey_number": "SURVEY/12/001",
        "owner_reference": "Amit Gupta",
        "land_use": "Agricultural",
        "area": 1093.02,
        "source_dataset": "Cadastral_Revenue_Map_2024",
        "confidence_score": 0.95
      }
    },
    {
      "type": "Feature",
      "geometry": {
        "type": "Polygon",
        "coordinates": [
          [
            [
              8626040.21687922,
              2156385.387698221
            ],
            [
              8626079.923511567,
              2156383.9247200657
            ],
            [
              8626079.664941777,
              2156420.5700072846
            ],
            [
              8626040.21687922,
              2156421.4075146015
            ],
            [
              8626040.21687922,
              2156385.387698221
            ]
          ]
        ]
      },
      "properties": {
        "parcel_id": "P0178",
        "survey_number": "SURVEY/12/002",
        "owner_reference": "Ramesh Singh",
        "land_use": "Public/Government",
        "area": 1437.8,
        "source_dataset": "Cadastral_Revenue_Map_2024",
        "confidence_score": 0.95
      }
    },
    {
      "type": "Feature",
      "geometry": {
        "type": "Polygon",
        "coordinates": [
          [
            [
              8626079.073627189,
              2156383.5837392826
            ],
            [
              8626115.076871593,
              2156382.982996044
            ],
            [
              8626115.924871465,
              2156415.239510512
            ],
            [
              8626079.073627189,
              2156414.822885249
            ],
            [
              8626079.073627189,
              2156383.5837392826
            ]
          ]
        ]
      },
      "properties": {
        "parcel_id": "P0179",
        "survey_number": "SURVEY/12/003",
        "owner_reference": "Sunita Deshmukh",
        "land_use": "Public/Government",
        "area": 1156.53,
        "source_dataset": "Cadastral_Revenue_Map_2024",
        "confidence_score": 0.95
      }
    },
    {
      "type": "Feature",
      "geometry": {
        "type": "Polygon",
        "coordinates": [
          [
            [
              8626119.582767913,
              2156386.366453547
            ],
            [
              8626156.86210765,
              2156386.1871223114
            ],
            [
              8626156.653956313,
              2156421.5396434106
            ],
            [
              8626119.582767913,
              2156422.510249131
            ],
            [
              8626119.582767913,
              2156386.366453547
            ]
          ]
        ]
      },
      "properties": {
        "parcel_id": "P0180",
        "survey_number": "SURVEY/12/004",
        "owner_reference": "Kavita Patel",
        "land_use": "Industrial",
        "area": 1328.89,
        "source_dataset": "Cadastral_Revenue_Map_2024",
        "confidence_score": 0.95
      }
    },
    {
      "type": "Feature",
      "geometry": {
        "type": "Polygon",
        "coordinates": [
          [
            [
              8626161.858298492,
              2156386.874900887
            ],
            [
              8626198.606987402,
              2156386.8479228253
            ],
            [
              8626198.834625246,
              2156421.044647493
            ],
            [
              8626161.858298492,
              2156420.2719203834
            ],
            [
              8626161.858298492,
              2156386.874900887
            ]
          ]
        ]
      },
      "properties": {
        "parcel_id": "P0181",
        "survey_number": "SURVEY/12/005",
        "owner_reference": "Suresh Rao",
        "land_use": "Agricultural",
        "area": 1245.8,
        "source_dataset": "Cadastral_Revenue_Map_2024",
        "confidence_score": 0.95
      }
    },
    {
      "type": "Feature",
      "geometry": {
        "type": "Polygon",
        "coordinates": [
          [
            [
              8626198.71970885,
              2156386.070471631
            ],
            [
              8626233.881205503,
              2156387.399396377
            ],
            [
              8626233.010150691,
              2156420.4337518136
            ],
            [
              8626198.71970885,
              2156421.3268083767
            ],
            [
              8626198.71970885,
              2156386.070471631
            ]
          ]
        ]
      },
      "properties": {
        "parcel_id": "P0182",
        "survey_number": "SURVEY/12/006",
        "owner_reference": "Priya Gupta",
        "land_use": "Vacant/Open Land",
        "area": 1185.83,
        "source_dataset": "Cadastral_Revenue_Map_2024",
        "confidence_score": 0.95
      }
    },
    {
      "type": "Feature",
      "geometry": {
        "type": "Polygon",
        "coordinates": [
          [
            [
              8626240.860945566,
              2156386.156307053
            ],
            [
              8626276.30473638,
              2156386.094011152
            ],
            [
              8626276.00715167,
              2156422.1005107393
            ],
            [
              8626240.860945566,
              2156422.120348668
            ],
            [
              8626240.860945566,
              2156386.156307053
            ]
          ]
        ]
      },
      "properties": {
        "parcel_id": "P0183",
        "survey_number": "SURVEY/12/007",
        "owner_reference": "Suresh Kulkarni",
        "land_use": "Residential",
        "area": 1270.09,
        "source_dataset": "Cadastral_Revenue_Map_2024",
        "confidence_score": 0.95
      }
    },
    {
      "type": "Feature",
      "geometry": {
        "type": "Polygon",
        "coordinates": [
          [
            [
              8626281.582006061,
              2156385.147623944
            ],
            [
              8626320.411088264,
              2156385.954486088
            ],
            [
              8626320.883893197,
              2156415.657515548
            ],
            [
              8626281.582006061,
              2156415.2225420065
            ],
            [
              8626281.582006061,
              2156385.147623944
            ]
          ]
        ]
      },
      "properties": {
        "parcel_id": "P0184",
        "survey_number": "SURVEY/12/008",
        "owner_reference": "Kavita Sharma",
        "land_use": "Public/Government",
        "area": 1167.48,
        "source_dataset": "Cadastral_Revenue_Map_2024",
        "confidence_score": 0.95
      }
    },
    {
      "type": "Feature",
      "geometry": {
        "type": "Polygon",
        "coordinates": [
          [
            [
              8626319.598470984,
              2156386.010731111
            ],
            [
              8626360.39277165,
              2156384.5423744293
            ],
            [
              8626359.668986762,
              2156418.593464374
            ],
            [
              8626319.598470984,
              2156418.6254930957
            ],
            [
              8626319.598470984,
              2156386.010731111
            ]
          ]
        ]
      },
      "properties": {
        "parcel_id": "P0185",
        "survey_number": "SURVEY/12/009",
        "owner_reference": "Ramesh Kulkarni",
        "land_use": "Public/Government",
        "area": 1347.46,
        "source_dataset": "Cadastral_Revenue_Map_2024",
        "confidence_score": 0.95
      }
    },
    {
      "type": "Feature",
      "geometry": {
        "type": "Polygon",
        "coordinates": [
          [
            [
              8626360.71822195,
              2156385.761749223
            ],
            [
              8626396.622691544,
              2156385.7100624763
            ],
            [
              8626396.008988205,
              2156421.747965575
            ],
            [
              8626360.71822195,
              2156423.009608209
            ],
            [
              8626360.71822195,
              2156385.761749223
            ]
          ]
        ]
      },
      "properties": {
        "parcel_id": "P0186",
        "survey_number": "SURVEY/12/010",
        "owner_reference": "Priya Verma",
        "land_use": "Vacant/Open Land",
        "area": 1304.2,
        "source_dataset": "Cadastral_Revenue_Map_2024",
        "confidence_score": 0.95
      }
    },
    {
      "type": "Feature",
      "geometry": {
        "type": "Polygon",
        "coordinates": [
          [
            [
              8626399.931703996,
              2156384.9046501247
            ],
            [
              8626437.560699625,
              2156384.3613785473
            ],
            [
              8626436.961491875,
              2156419.0852297177
            ],
            [
              8626399.931703996,
              2156420.0157875284
            ],
            [
              8626399.931703996,
              2156384.9046501247
            ]
          ]
        ]
      },
      "properties": {
        "parcel_id": "P0187",
        "survey_number": "SURVEY/12/011",
        "owner_reference": "Priya Sharma",
        "land_use": "Industrial",
        "area": 1303.23,
        "source_dataset": "Cadastral_Revenue_Map_2024",
        "confidence_score": 0.95
      }
    },
    {
      "type": "Feature",
      "geometry": {
        "type": "Polygon",
        "coordinates": [
          [
            [
              8626438.975651786,
              2156383.697812931
            ],
            [
              8626474.936466053,
              2156385.0732007963
            ],
            [
              8626474.132032696,
              2156417.056906646
            ],
            [
              8626438.975651786,
              2156416.772048955
            ],
            [
              8626438.975651786,
              2156383.697812931
            ]
          ]
        ]
      },
      "properties": {
        "parcel_id": "P0188",
        "survey_number": "SURVEY/12/012",
        "owner_reference": "Amit Patel",
        "land_use": "Vacant/Open Land",
        "area": 1157.02,
        "source_dataset": "Cadastral_Revenue_Map_2024",
        "confidence_score": 0.95
      }
    },
    {
      "type": "Feature",
      "geometry": {
        "type": "Polygon",
        "coordinates": [
          [
            [
              8626479.798300045,
              2156384.7182113645
            ],
            [
              8626514.825000305,
              2156384.053245856
            ],
            [
              8626515.436279535,
              2156416.006987995
            ],
            [
              8626479.798300045,
              2156416.8950121477
            ],
            [
              8626479.798300045,
              2156384.7182113645
            ]
          ]
        ]
      },
      "properties": {
        "parcel_id": "P0189",
        "survey_number": "SURVEY/12/013",
        "owner_reference": "Kavita Verma",
        "land_use": "Public/Government",
        "area": 1133.18,
        "source_dataset": "Cadastral_Revenue_Map_2024",
        "confidence_score": 0.95
      }
    },
    {
      "type": "Feature",
      "geometry": {
        "type": "Polygon",
        "coordinates": [
          [
            [
              8626521.45054619,
              2156385.1108600786
            ],
            [
              8626560.285197705,
              2156385.444785342
            ],
            [
              8626560.546211848,
              2156418.692685054
            ],
            [
              8626521.45054619,
              2156418.2364589665
            ],
            [
              8626521.45054619,
              2156385.1108600786
            ]
          ]
        ]
      },
      "properties": {
        "parcel_id": "P0190",
        "survey_number": "SURVEY/12/014",
        "owner_reference": "Meena Nair",
        "land_use": "Commercial",
        "area": 1293.08,
        "source_dataset": "Cadastral_Revenue_Map_2024",
        "confidence_score": 0.95
      }
    },
    {
      "type": "Feature",
      "geometry": {
        "type": "Polygon",
        "coordinates": [
          [
            [
              8626559.18977934,
              2156385.457938063
            ],
            [
              8626594.69829115,
              2156384.3115230207
            ],
            [
              8626594.114431158,
              2156416.261624681
            ],
            [
              8626559.18977934,
              2156415.310758236
            ],
            [
              8626559.18977934,
              2156385.457938063
            ]
          ]
        ]
      },
      "properties": {
        "parcel_id": "P0191",
        "survey_number": "SURVEY/12/015",
        "owner_reference": "Amit Kulkarni",
        "land_use": "Agricultural",
        "area": 1088.22,
        "source_dataset": "Cadastral_Revenue_Map_2024",
        "confidence_score": 0.95
      }
    },
    {
      "type": "Feature",
      "geometry": {
        "type": "Polygon",
        "coordinates": [
          [
            [
              8626600.542006569,
              2156385.773731706
            ],
            [
              8626639.413567139,
              2156385.9384694337
            ],
            [
              8626639.382493217,
              2156421.7731290217
            ],
            [
              8626600.542006569,
              2156420.694018627
            ],
            [
              8626600.542006569,
              2156385.773731706
            ]
          ]
        ]
      },
      "properties": {
        "parcel_id": "P0192",
        "survey_number": "SURVEY/12/016",
        "owner_reference": "Ananya Deshmukh",
        "land_use": "Public/Government",
        "area": 1374.64,
        "source_dataset": "Cadastral_Revenue_Map_2024",
        "confidence_score": 0.95
      }
    },
    {
      "type": "Feature",
      "geometry": {
        "type": "Polygon",
        "coordinates": [
          [
            [
              8626001.260863762,
              2156421.8553163577
            ],
            [
              8626039.293491881,
              2156422.4094063696
            ],
            [
              8626039.040383188,
              2156454.8251354448
            ],
            [
              8626001.260863762,
              2156455.844810851
            ],
            [
              8626001.260863762,
              2156421.8553163577
            ]
          ]
        ]
      },
      "properties": {
        "parcel_id": "P0193",
        "survey_number": "SURVEY/13/001",
        "owner_reference": "Meena Patel",
        "land_use": "Residential",
        "area": 1258.55,
        "source_dataset": "Cadastral_Revenue_Map_2024",
        "confidence_score": 0.95
      }
    },
    {
      "type": "Feature",
      "geometry": {
        "type": "Polygon",
        "coordinates": [
          [
            [
              8626038.899373667,
              2156419.1546812407
            ],
            [
              8626078.583814852,
              2156419.9723241553
            ],
            [
              8626078.569754882,
              2156452.5485840077
            ],
            [
              8626038.899373667,
              2156452.581001948
            ],
            [
              8626038.899373667,
              2156419.1546812407
            ]
          ]
        ]
      },
      "properties": {
        "parcel_id": "P0194",
        "survey_number": "SURVEY/13/002",
        "owner_reference": "Kavita Verma",
        "land_use": "Industrial",
        "area": 1309.41,
        "source_dataset": "Cadastral_Revenue_Map_2024",
        "confidence_score": 0.95
      }
    },
    {
      "type": "Feature",
      "geometry": {
        "type": "Polygon",
        "coordinates": [
          [
            [
              8626079.467447089,
              2156421.290443711
            ],
            [
              8626114.717110222,
              2156421.429503535
            ],
            [
              8626116.186437406,
              2156455.6043251576
            ],
            [
              8626079.467447089,
              2156454.411574474
            ],
            [
              8626079.467447089,
              2156421.290443711
            ]
          ]
        ]
      },
      "properties": {
        "parcel_id": "P0195",
        "survey_number": "SURVEY/13/003",
        "owner_reference": "Sunita Rao",
        "land_use": "Residential",
        "area": 1210.31,
        "source_dataset": "Cadastral_Revenue_Map_2024",
        "confidence_score": 0.95
      }
    },
    {
      "type": "Feature",
      "geometry": {
        "type": "Polygon",
        "coordinates": [
          [
            [
              8626121.975830738,
              2156421.1025265995
            ],
            [
              8626158.39750707,
              2156421.3662982904
            ],
            [
              8626157.949399592,
              2156455.9667429007
            ],
            [
              8626121.975830738,
              2156456.599004779
            ],
            [
              8626121.975830738,
              2156421.1025265995
            ]
          ]
        ]
      },
      "properties": {
        "parcel_id": "P0196",
        "survey_number": "SURVEY/13/004",
        "owner_reference": "Suresh Patel",
        "land_use": "Public/Government",
        "area": 1268.63,
        "source_dataset": "Cadastral_Revenue_Map_2024",
        "confidence_score": 0.95
      }
    },
    {
      "type": "Feature",
      "geometry": {
        "type": "Polygon",
        "coordinates": [
          [
            [
              8626159.403261917,
              2156419.124340075
            ],
            [
              8626197.635873193,
              2156419.7365013603
            ],
            [
              8626197.003872924,
              2156451.06626177
            ],
            [
              8626159.403261917,
              2156450.368290969
            ],
            [
              8626159.403261917,
              2156419.124340075
            ]
          ]
        ]
      },
      "properties": {
        "parcel_id": "P0197",
        "survey_number": "SURVEY/13/005",
        "owner_reference": "Ramesh Verma",
        "land_use": "Commercial",
        "area": 1186.5,
        "source_dataset": "Cadastral_Revenue_Map_2024",
        "confidence_score": 0.95
      }
    },
    {
      "type": "Feature",
      "geometry": {
        "type": "Polygon",
        "coordinates": [
          [
            [
              8626201.675074847,
              2156421.9699449027
            ],
            [
              8626241.87736039,
              2156423.0681812875
            ],
            [
              8626241.126392117,
              2156452.731273914
            ],
            [
              8626201.675074847,
              2156453.3654584605
            ],
            [
              8626201.675074847,
              2156421.9699449027
            ]
          ]
        ]
      },
      "properties": {
        "parcel_id": "P0198",
        "survey_number": "SURVEY/13/006",
        "owner_reference": "Sunita Gupta",
        "land_use": "Agricultural",
        "area": 1215.97,
        "source_dataset": "Cadastral_Revenue_Map_2024",
        "confidence_score": 0.95
      }
    },
    {
      "type": "Feature",
      "geometry": {
        "type": "Polygon",
        "coordinates": [
          [
            [
              8626238.302065093,
              2156421.1783945225
            ],
            [
              8626277.915370502,
              2156421.927801671
            ],
            [
              8626278.499481348,
              2156453.595499162
            ],
            [
              8626238.302065093,
              2156454.7274512327
            ],
            [
              8626238.302065093,
              2156421.1783945225
            ]
          ]
        ]
      },
      "properties": {
        "parcel_id": "P0199",
        "survey_number": "SURVEY/13/007",
        "owner_reference": "Meena Deshmukh",
        "land_use": "Industrial",
        "area": 1301.3,
        "source_dataset": "Cadastral_Revenue_Map_2024",
        "confidence_score": 0.95
      }
    },
    {
      "type": "Feature",
      "geometry": {
        "type": "Polygon",
        "coordinates": [
          [
            [
              8626281.888601167,
              2156420.5393621824
            ],
            [
              8626321.072335035,
              2156421.4263959625
            ],
            [
              8626320.76548264,
              2156455.639999621
            ],
            [
              8626281.888601167,
              2156457.0443853615
            ],
            [
              8626281.888601167,
              2156420.5393621824
            ]
          ]
        ]
      },
      "properties": {
        "parcel_id": "P0200",
        "survey_number": "SURVEY/13/008",
        "owner_reference": "Sunita Deshmukh",
        "land_use": "Industrial",
        "area": 1380.05,
        "source_dataset": "Cadastral_Revenue_Map_2024",
        "confidence_score": 0.95
      }
    },
    {
      "type": "Feature",
      "geometry": {
        "type": "Polygon",
        "coordinates": [
          [
            [
              8626321.409690306,
              2156421.153214614
            ],
            [
              8626361.774618253,
              2156419.791043391
            ],
            [
              8626362.153156819,
              2156455.7267387486
            ],
            [
              8626321.409690306,
              2156456.736845285
            ],
            [
              8626321.409690306,
              2156421.153214614
            ]
          ]
        ]
      },
      "properties": {
        "parcel_id": "P0201",
        "survey_number": "SURVEY/13/009",
        "owner_reference": "Rajesh Verma",
        "land_use": "Commercial",
        "area": 1450.43,
        "source_dataset": "Cadastral_Revenue_Map_2024",
        "confidence_score": 0.95
      }
    },
    {
      "type": "Feature",
      "geometry": {
        "type": "Polygon",
        "coordinates": [
          [
            [
              8626360.754367528,
              2156418.5276523493
            ],
            [
              8626399.654350724,
              2156419.8258290375
            ],
            [
              8626398.976409098,
              2156449.481517127
            ],
            [
              8626360.754367528,
              2156449.94528102
            ],
            [
              8626360.754367528,
              2156418.5276523493
            ]
          ]
        ]
      },
      "properties": {
        "parcel_id": "P0202",
        "survey_number": "SURVEY/13/010",
        "owner_reference": "Vikram Verma",
        "land_use": "Industrial",
        "area": 1177.67,
        "source_dataset": "Cadastral_Revenue_Map_2024",
        "confidence_score": 0.95
      }
    },
    {
      "type": "Feature",
      "geometry": {
        "type": "Polygon",
        "coordinates": [
          [
            [
              8626400.903953454,
              2156421.0209286283
            ],
            [
              8626438.479339099,
              2156419.806479662
            ],
            [
              8626437.61960263,
              2156451.568123752
            ],
            [
              8626400.903953454,
              2156450.3019399163
            ],
            [
              8626400.903953454,
              2156421.0209286283
            ]
          ]
        ]
      },
      "properties": {
        "parcel_id": "P0203",
        "survey_number": "SURVEY/13/011",
        "owner_reference": "Kavita Singh",
        "land_use": "Public/Government",
        "area": 1133.74,
        "source_dataset": "Cadastral_Revenue_Map_2024",
        "confidence_score": 0.95
      }
    },
    {
      "type": "Feature",
      "geometry": {
        "type": "Polygon",
        "coordinates": [
          [
            [
              8626441.952619638,
              2156419.689255735
            ],
            [
              8626477.745670544,
              2156419.338465512
            ],
            [
              8626478.43796069,
              2156450.1142255673
            ],
            [
              8626441.952619638,
              2156448.9215070787
            ],
            [
              8626441.952619638,
              2156419.689255735
            ]
          ]
        ]
      },
      "properties": {
        "parcel_id": "P0204",
        "survey_number": "SURVEY/13/012",
        "owner_reference": "Ananya Joshi",
        "land_use": "Industrial",
        "area": 1084.17,
        "source_dataset": "Cadastral_Revenue_Map_2024",
        "confidence_score": 0.95
      }
    },
    {
      "type": "Feature",
      "geometry": {
        "type": "Polygon",
        "coordinates": [
          [
            [
              8626481.971760621,
              2156418.571412267
            ],
            [
              8626520.154810281,
              2156419.0214729067
            ],
            [
              8626519.975108543,
              2156448.622260719
            ],
            [
              8626481.971760621,
              2156449.289556798
            ],
            [
              8626481.971760621,
              2156418.571412267
            ]
          ]
        ]
      },
      "properties": {
        "parcel_id": "P0205",
        "survey_number": "SURVEY/13/013",
        "owner_reference": "Amit Gupta",
        "land_use": "Public/Government",
        "area": 1148.86,
        "source_dataset": "Cadastral_Revenue_Map_2024",
        "confidence_score": 0.95
      }
    },
    {
      "type": "Feature",
      "geometry": {
        "type": "Polygon",
        "coordinates": [
          [
            [
              8626521.009782586,
              2156420.358295671
            ],
            [
              8626558.313974041,
              2156419.8018066757
            ],
            [
              8626557.233464608,
              2156456.1377879344
            ],
            [
              8626521.009782586,
              2156455.4686909053
            ],
            [
              8626521.009782586,
              2156420.358295671
            ]
          ]
        ]
      },
      "properties": {
        "parcel_id": "P0206",
        "survey_number": "SURVEY/13/014",
        "owner_reference": "Priya Singh",
        "land_use": "Public/Government",
        "area": 1313.36,
        "source_dataset": "Cadastral_Revenue_Map_2024",
        "confidence_score": 0.95
      }
    },
    {
      "type": "Feature",
      "geometry": {
        "type": "Polygon",
        "coordinates": [
          [
            [
              8626558.107297625,
              2156421.3882800834
            ],
            [
              8626598.362260753,
              2156421.709060692
            ],
            [
              8626597.428200323,
              2156452.6209543925
            ],
            [
              8626558.107297625,
              2156452.29620744
            ],
            [
              8626558.107297625,
              2156421.3882800834
            ]
          ]
        ]
      },
      "properties": {
        "parcel_id": "P0207",
        "survey_number": "SURVEY/13/015",
        "owner_reference": "Rajesh Singh",
        "land_use": "Agricultural",
        "area": 1229.99,
        "source_dataset": "Cadastral_Revenue_Map_2024",
        "confidence_score": 0.95
      }
    },
    {
      "type": "Feature",
      "geometry": {
        "type": "Polygon",
        "coordinates": [
          [
            [
              8626601.554898113,
              2156418.0482680495
            ],
            [
              8626638.721487354,
              2156417.708782796
            ],
            [
              8626639.738407264,
              2156449.947103953
            ],
            [
              8626601.554898113,
              2156449.709694556
            ],
            [
              8626601.554898113,
              2156418.0482680495
            ]
          ]
        ]
      },
      "properties": {
        "parcel_id": "P0208",
        "survey_number": "SURVEY/13/016",
        "owner_reference": "Ramesh Patel",
        "land_use": "Agricultural",
        "area": 1203.74,
        "source_dataset": "Cadastral_Revenue_Map_2024",
        "confidence_score": 0.95
      }
    },
    {
      "type": "Feature",
      "geometry": {
        "type": "Polygon",
        "coordinates": [
          [
            [
              8625998.066757606,
              2156453.270130277
            ],
            [
              8626034.639869269,
              2156451.951536856
            ],
            [
              8626035.507739266,
              2156483.509091449
            ],
            [
              8625998.066757606,
              2156483.528923262
            ],
            [
              8625998.066757606,
              2156453.270130277
            ]
          ]
        ]
      },
      "properties": {
        "parcel_id": "P0209",
        "survey_number": "SURVEY/14/001",
        "owner_reference": "Ramesh Gupta",
        "land_use": "Agricultural",
        "area": 1144.11,
        "source_dataset": "Cadastral_Revenue_Map_2024",
        "confidence_score": 0.95
      }
    },
    {
      "type": "Feature",
      "geometry": {
        "type": "Polygon",
        "coordinates": [
          [
            [
              8626040.146259265,
              2156455.464188223
            ],
            [
              8626076.81106568,
              2156455.4981023176
            ],
            [
              8626075.920658162,
              2156487.3236295367
            ],
            [
              8626040.146259265,
              2156488.2478097794
            ],
            [
              8626040.146259265,
              2156455.464188223
            ]
          ]
        ]
      },
      "properties": {
        "parcel_id": "P0210",
        "survey_number": "SURVEY/14/002",
        "owner_reference": "Ramesh Joshi",
        "land_use": "Agricultural",
        "area": 1169.86,
        "source_dataset": "Cadastral_Revenue_Map_2024",
        "confidence_score": 0.95
      }
    },
    {
      "type": "Feature",
      "geometry": {
        "type": "Polygon",
        "coordinates": [
          [
            [
              8626079.240677973,
              2156454.7499441723
            ],
            [
              8626119.961245833,
              2156453.9833834334
            ],
            [
              8626121.235129096,
              2156486.1817685016
            ],
            [
              8626079.240677973,
              2156485.0297282464
            ],
            [
              8626079.240677973,
              2156454.7499441723
            ]
          ]
        ]
      },
      "properties": {
        "parcel_id": "P0211",
        "survey_number": "SURVEY/14/003",
        "owner_reference": "Kavita Nair",
        "land_use": "Residential",
        "area": 1291.85,
        "source_dataset": "Cadastral_Revenue_Map_2024",
        "confidence_score": 0.95
      }
    },
    {
      "type": "Feature",
      "geometry": {
        "type": "Polygon",
        "coordinates": [
          [
            [
              8626120.831602428,
              2156455.805998445
            ],
            [
              8626156.814598214,
              2156455.8750145333
            ],
            [
              8626157.663559519,
              2156491.5240956554
            ],
            [
              8626120.831602428,
              2156492.1863922095
            ],
            [
              8626120.831602428,
              2156455.805998445
            ]
          ]
        ]
      },
      "properties": {
        "parcel_id": "P0212",
        "survey_number": "SURVEY/14/004",
        "owner_reference": "Amit Joshi",
        "land_use": "Commercial",
        "area": 1311.33,
        "source_dataset": "Cadastral_Revenue_Map_2024",
        "confidence_score": 0.95
      }
    },
    {
      "type": "Feature",
      "geometry": {
        "type": "Polygon",
        "coordinates": [
          [
            [
              8626160.93174335,
              2156453.472226881
            ],
            [
              8626201.33112791,
              2156453.260200589
            ],
            [
              8626201.402690545,
              2156485.4822930386
            ],
            [
              8626160.93174335,
              2156484.771141991
            ],
            [
              8626160.93174335,
              2156453.472226881
            ]
          ]
        ]
      },
      "properties": {
        "parcel_id": "P0213",
        "survey_number": "SURVEY/14/005",
        "owner_reference": "Kavita Verma",
        "land_use": "Agricultural",
        "area": 1284.23,
        "source_dataset": "Cadastral_Revenue_Map_2024",
        "confidence_score": 0.95
      }
    },
    {
      "type": "Feature",
      "geometry": {
        "type": "Polygon",
        "coordinates": [
          [
            [
              8626199.470751112,
              2156454.020464324
            ],
            [
              8626235.088180602,
              2156454.688799444
            ],
            [
              8626234.273393871,
              2156487.463938155
            ],
            [
              8626199.470751112,
              2156487.49041281
            ],
            [
              8626199.470751112,
              2156454.020464324
            ]
          ]
        ]
      },
      "properties": {
        "parcel_id": "P0214",
        "survey_number": "SURVEY/14/006",
        "owner_reference": "Rajesh Sharma",
        "land_use": "Commercial",
        "area": 1166.38,
        "source_dataset": "Cadastral_Revenue_Map_2024",
        "confidence_score": 0.95
      }
    },
    {
      "type": "Feature",
      "geometry": {
        "type": "Polygon",
        "coordinates": [
          [
            [
              8626241.841368582,
              2156453.1414542957
            ],
            [
              8626281.660061501,
              2156453.608564179
            ],
            [
              8626280.833607443,
              2156487.4255791055
            ],
            [
              8626241.841368582,
              2156486.6703686556
            ],
            [
              8626241.841368582,
              2156453.1414542957
            ]
          ]
        ]
      },
      "properties": {
        "parcel_id": "P0215",
        "survey_number": "SURVEY/14/007",
        "owner_reference": "Ananya Rao",
        "land_use": "Residential",
        "area": 1327.15,
        "source_dataset": "Cadastral_Revenue_Map_2024",
        "confidence_score": 0.95
      }
    },
    {
      "type": "Feature",
      "geometry": {
        "type": "Polygon",
        "coordinates": [
          [
            [
              8626278.892740244,
              2156455.063096523
            ],
            [
              8626314.168311827,
              2156456.194070237
            ],
            [
              8626315.266408516,
              2156487.4686456053
            ],
            [
              8626278.892740244,
              2156488.289228044
            ],
            [
              8626278.892740244,
              2156455.063096523
            ]
          ]
        ]
      },
      "properties": {
        "parcel_id": "P0216",
        "survey_number": "SURVEY/14/008",
        "owner_reference": "Vikram Joshi",
        "land_use": "Residential",
        "area": 1155.27,
        "source_dataset": "Cadastral_Revenue_Map_2024",
        "confidence_score": 0.95
      }
    },
    {
      "type": "Feature",
      "geometry": {
        "type": "Polygon",
        "coordinates": [
          [
            [
              8626319.21563723,
              2156455.490870096
            ],
            [
              8626356.999197373,
              2156455.4709521234
            ],
            [
              8626357.817037161,
              2156489.0410157056
            ],
            [
              8626319.21563723,
              2156488.127282977
            ],
            [
              8626319.21563723,
              2156455.490870096
            ]
          ]
        ]
      },
      "properties": {
        "parcel_id": "P0217",
        "survey_number": "SURVEY/14/009",
        "owner_reference": "Ramesh Singh",
        "land_use": "Commercial",
        "area": 1264.11,
        "source_dataset": "Cadastral_Revenue_Map_2024",
        "confidence_score": 0.95
      }
    },
    {
      "type": "Feature",
      "geometry": {
        "type": "Polygon",
        "coordinates": [
          [
            [
              8626361.358296027,
              2156456.508794457
            ],
            [
              8626402.0642376,
              2156456.9807060077
            ],
            [
              8626403.111255564,
              2156486.5175667005
            ],
            [
              8626361.358296027,
              2156487.1992118177
            ],
            [
              8626361.358296027,
              2156456.508794457
            ]
          ]
        ]
      },
      "properties": {
        "parcel_id": "P0218",
        "survey_number": "SURVEY/14/010",
        "owner_reference": "Priya Singh",
        "land_use": "Public/Government",
        "area": 1241.62,
        "source_dataset": "Cadastral_Revenue_Map_2024",
        "confidence_score": 0.95
      }
    },
    {
      "type": "Feature",
      "geometry": {
        "type": "Polygon",
        "coordinates": [
          [
            [
              8626401.844740244,
              2156456.890236944
            ],
            [
              8626437.698981155,
              2156455.521937741
            ],
            [
              8626436.893398875,
              2156488.569188569
            ],
            [
              8626401.844740244,
              2156489.605701276
            ],
            [
              8626401.844740244,
              2156456.890236944
            ]
          ]
        ]
      },
      "properties": {
        "parcel_id": "P0219",
        "survey_number": "SURVEY/14/011",
        "owner_reference": "Suresh Joshi",
        "land_use": "Agricultural",
        "area": 1165.21,
        "source_dataset": "Cadastral_Revenue_Map_2024",
        "confidence_score": 0.95
      }
    },
    {
      "type": "Feature",
      "geometry": {
        "type": "Polygon",
        "coordinates": [
          [
            [
              8626438.382308021,
              2156453.534055401
            ],
            [
              8626478.302085372,
              2156453.737517586
            ],
            [
              8626478.107034007,
              2156483.983038307
            ],
            [
              8626438.382308021,
              2156485.3756931312
            ],
            [
              8626438.382308021,
              2156453.534055401
            ]
          ]
        ]
      },
      "properties": {
        "parcel_id": "P0220",
        "survey_number": "SURVEY/14/012",
        "owner_reference": "Sunita Rao",
        "land_use": "Industrial",
        "area": 1236.17,
        "source_dataset": "Cadastral_Revenue_Map_2024",
        "confidence_score": 0.95
      }
    },
    {
      "type": "Feature",
      "geometry": {
        "type": "Polygon",
        "coordinates": [
          [
            [
              8626479.571810683,
              2156456.3275993387
            ],
            [
              8626516.529320097,
              2156455.528433019
            ],
            [
              8626517.859984154,
              2156489.0441464526
            ],
            [
              8626479.571810683,
              2156487.9524819916
            ],
            [
              8626479.571810683,
              2156456.3275993387
            ]
          ]
        ]
      },
      "properties": {
        "parcel_id": "P0221",
        "survey_number": "SURVEY/14/013",
        "owner_reference": "Kavita Verma",
        "land_use": "Commercial",
        "area": 1225.29,
        "source_dataset": "Cadastral_Revenue_Map_2024",
        "confidence_score": 0.95
      }
    },
    {
      "type": "Feature",
      "geometry": {
        "type": "Polygon",
        "coordinates": [
          [
            [
              8626519.433149783,
              2156456.0813469947
            ],
            [
              8626557.144652244,
              2156457.138793552
            ],
            [
              8626555.915914908,
              2156488.861426565
            ],
            [
              8626519.433149783,
              2156489.784217279
            ],
            [
              8626519.433149783,
              2156456.0813469947
            ]
          ]
        ]
      },
      "properties": {
        "parcel_id": "P0222",
        "survey_number": "SURVEY/14/014",
        "owner_reference": "Vikram Nair",
        "land_use": "Residential",
        "area": 1213.59,
        "source_dataset": "Cadastral_Revenue_Map_2024",
        "confidence_score": 0.95
      }
    },
    {
      "type": "Feature",
      "geometry": {
        "type": "Polygon",
        "coordinates": [
          [
            [
              8626561.873600017,
              2156454.584977851
            ],
            [
              8626597.167303722,
              2156455.5452466984
            ],
            [
              8626596.18890692,
              2156486.3780221166
            ],
            [
              8626561.873600017,
              2156487.734311937
            ],
            [
              8626561.873600017,
              2156454.584977851
            ]
          ]
        ]
      },
      "properties": {
        "parcel_id": "P0223",
        "survey_number": "SURVEY/14/015",
        "owner_reference": "Meena Kulkarni",
        "land_use": "Vacant/Open Land",
        "area": 1113.34,
        "source_dataset": "Cadastral_Revenue_Map_2024",
        "confidence_score": 0.95
      }
    },
    {
      "type": "Feature",
      "geometry": {
        "type": "Polygon",
        "coordinates": [
          [
            [
              8626598.485813022,
              2156453.246676738
            ],
            [
              8626638.171572983,
              2156452.3410758437
            ],
            [
              8626637.873318411,
              2156484.5804055342
            ],
            [
              8626598.485813022,
              2156485.1392613202
            ],
            [
              8626598.485813022,
              2156453.246676738
            ]
          ]
        ]
      },
      "properties": {
        "parcel_id": "P0224",
        "survey_number": "SURVEY/14/016",
        "owner_reference": "Priya Nair",
        "land_use": "Public/Government",
        "area": 1267.67,
        "source_dataset": "Cadastral_Revenue_Map_2024",
        "confidence_score": 0.95
      }
    },
    {
      "type": "Feature",
      "geometry": {
        "type": "Polygon",
        "coordinates": [
          [
            [
              8626001.609984327,
              2156489.7737252954
            ],
            [
              8626037.38273362,
              2156490.761793827
            ],
            [
              8626036.877383294,
              2156525.2041931176
            ],
            [
              8626001.609984327,
              2156523.8322820747
            ],
            [
              8626001.609984327,
              2156489.7737252954
            ]
          ]
        ]
      },
      "properties": {
        "parcel_id": "P0225",
        "survey_number": "SURVEY/15/001",
        "owner_reference": "Meena Sharma",
        "land_use": "Commercial",
        "area": 1216.88,
        "source_dataset": "Cadastral_Revenue_Map_2024",
        "confidence_score": 0.95
      }
    },
    {
      "type": "Feature",
      "geometry": {
        "type": "Polygon",
        "coordinates": [
          [
            [
              8626040.897723388,
              2156489.984505565
            ],
            [
              8626078.194100019,
              2156489.546335323
            ],
            [
              8626079.419012666,
              2156522.5444896757
            ],
            [
              8626040.897723388,
              2156521.8694349825
            ],
            [
              8626040.897723388,
              2156489.984505565
            ]
          ]
        ]
      },
      "properties": {
        "parcel_id": "P0226",
        "survey_number": "SURVEY/15/002",
        "owner_reference": "Meena Patel",
        "land_use": "Residential",
        "area": 1229.75,
        "source_dataset": "Cadastral_Revenue_Map_2024",
        "confidence_score": 0.95
      }
    },
    {
      "type": "Feature",
      "geometry": {
        "type": "Polygon",
        "coordinates": [
          [
            [
              8626081.531114297,
              2156489.91612372
            ],
            [
              8626117.057443604,
              2156489.6738281837
            ],
            [
              8626117.485401182,
              2156522.214215376
            ],
            [
              8626081.531114297,
              2156523.1058092015
            ],
            [
              8626081.531114297,
              2156489.91612372
            ]
          ]
        ]
      },
      "properties": {
        "parcel_id": "P0227",
        "survey_number": "SURVEY/15/003",
        "owner_reference": "Sunita Kulkarni",
        "land_use": "Residential",
        "area": 1174.73,
        "source_dataset": "Cadastral_Revenue_Map_2024",
        "confidence_score": 0.95
      }
    },
    {
      "type": "Feature",
      "geometry": {
        "type": "Polygon",
        "coordinates": [
          [
            [
              8626119.43644844,
              2156490.178071224
            ],
            [
              8626157.344525352,
              2156490.1852509906
            ],
            [
              8626157.009669175,
              2156525.6541333236
            ],
            [
              8626119.43644844,
              2156524.6935809446
            ],
            [
              8626119.43644844,
              2156490.178071224
            ]
          ]
        ]
      },
      "properties": {
        "parcel_id": "P0228",
        "survey_number": "SURVEY/15/004",
        "owner_reference": "Ananya Nair",
        "land_use": "Commercial",
        "area": 1320.71,
        "source_dataset": "Cadastral_Revenue_Map_2024",
        "confidence_score": 0.95
      }
    },
    {
      "type": "Feature",
      "geometry": {
        "type": "Polygon",
        "coordinates": [
          [
            [
              8626159.88673754,
              2156489.4297315706
            ],
            [
              8626198.39067106,
              2156488.4086059956
            ],
            [
              8626197.634242222,
              2156520.8263043384
            ],
            [
              8626159.88673754,
              2156520.049762724
            ],
            [
              8626159.88673754,
              2156489.4297315706
            ]
          ]
        ]
      },
      "properties": {
        "parcel_id": "P0229",
        "survey_number": "SURVEY/15/005",
        "owner_reference": "Ramesh Sharma",
        "land_use": "Commercial",
        "area": 1201.63,
        "source_dataset": "Cadastral_Revenue_Map_2024",
        "confidence_score": 0.95
      }
    },
    {
      "type": "Feature",
      "geometry": {
        "type": "Polygon",
        "coordinates": [
          [
            [
              8626201.966167685,
              2156488.6948481253
            ],
            [
              8626238.38547448,
              2156489.4091634285
            ],
            [
              8626237.961823879,
              2156520.602874335
            ],
            [
              8626201.966167685,
              2156520.8775618193
            ],
            [
              8626201.966167685,
              2156488.6948481253
            ]
          ]
        ]
      },
      "properties": {
        "parcel_id": "P0230",
        "survey_number": "SURVEY/15/006",
        "owner_reference": "Ananya Nair",
        "land_use": "Public/Government",
        "area": 1147.4,
        "source_dataset": "Cadastral_Revenue_Map_2024",
        "confidence_score": 0.95
      }
    },
    {
      "type": "Feature",
      "geometry": {
        "type": "Polygon",
        "coordinates": [
          [
            [
              8626241.881550834,
              2156490.168498406
            ],
            [
              8626277.93489144,
              2156488.8370023365
            ],
            [
              8626278.2398798,
              2156520.3962808535
            ],
            [
              8626241.881550834,
              2156518.956064823
            ],
            [
              8626241.881550834,
              2156490.168498406
            ]
          ]
        ]
      },
      "properties": {
        "parcel_id": "P0231",
        "survey_number": "SURVEY/15/007",
        "owner_reference": "Meena Sharma",
        "land_use": "Industrial",
        "area": 1092.45,
        "source_dataset": "Cadastral_Revenue_Map_2024",
        "confidence_score": 0.95
      }
    },
    {
      "type": "Feature",
      "geometry": {
        "type": "Polygon",
        "coordinates": [
          [
            [
              8626278.521958182,
              2156490.8677505306
            ],
            [
              8626319.034642905,
              2156490.3385169646
            ],
            [
              8626317.600381594,
              2156525.933455049
            ],
            [
              8626278.521958182,
              2156526.1932825744
            ],
            [
              8626278.521958182,
              2156490.8677505306
            ]
          ]
        ]
      },
      "properties": {
        "parcel_id": "P0232",
        "survey_number": "SURVEY/15/008",
        "owner_reference": "Amit Verma",
        "land_use": "Public/Government",
        "area": 1410.88,
        "source_dataset": "Cadastral_Revenue_Map_2024",
        "confidence_score": 0.95
      }
    },
    {
      "type": "Feature",
      "geometry": {
        "type": "Polygon",
        "coordinates": [
          [
            [
              8626319.49436312,
              2156491.7676928537
            ],
            [
              8626356.867936494,
              2156491.1729883146
            ],
            [
              8626355.777291501,
              2156522.3738858746
            ],
            [
              8626319.49436312,
              2156521.3463975326
            ],
            [
              8626319.49436312,
              2156491.7676928537
            ]
          ]
        ]
      },
      "properties": {
        "parcel_id": "P0233",
        "survey_number": "SURVEY/15/009",
        "owner_reference": "Suresh Deshmukh",
        "land_use": "Vacant/Open Land",
        "area": 1119.32,
        "source_dataset": "Cadastral_Revenue_Map_2024",
        "confidence_score": 0.95
      }
    },
    {
      "type": "Feature",
      "geometry": {
        "type": "Polygon",
        "coordinates": [
          [
            [
              8626360.454835946,
              2156489.4273021882
            ],
            [
              8626399.448025962,
              2156489.062454513
            ],
            [
              8626400.150010882,
              2156524.314027607
            ],
            [
              8626360.454835946,
              2156523.697579401
            ],
            [
              8626360.454835946,
              2156489.4273021882
            ]
          ]
        ]
      },
      "properties": {
        "parcel_id": "P0234",
        "survey_number": "SURVEY/15/010",
        "owner_reference": "Amit Sharma",
        "land_use": "Vacant/Open Land",
        "area": 1367.6,
        "source_dataset": "Cadastral_Revenue_Map_2024",
        "confidence_score": 0.95
      }
    },
    {
      "type": "Feature",
      "geometry": {
        "type": "Polygon",
        "coordinates": [
          [
            [
              8626401.977132522,
              2156491.860735761
            ],
            [
              8626437.171428978,
              2156493.1238504103
            ],
            [
              8626438.574024035,
              2156525.475067766
            ],
            [
              8626401.977132522,
              2156524.6377535174
            ],
            [
              8626401.977132522,
              2156491.860735761
            ]
          ]
        ]
      },
      "properties": {
        "parcel_id": "P0235",
        "survey_number": "SURVEY/15/011",
        "owner_reference": "Kavita Verma",
        "land_use": "Agricultural",
        "area": 1168.17,
        "source_dataset": "Cadastral_Revenue_Map_2024",
        "confidence_score": 0.95
      }
    },
    {
      "type": "Feature",
      "geometry": {
        "type": "Polygon",
        "coordinates": [
          [
            [
              8626438.671549667,
              2156491.5412810137
            ],
            [
              8626474.203905743,
              2156491.9585890775
            ],
            [
              8626475.363866288,
              2156525.7950758925
            ],
            [
              8626438.671549667,
              2156525.634965695
            ],
            [
              8626438.671549667,
              2156491.5412810137
            ]
          ]
        ]
      },
      "properties": {
        "parcel_id": "P0236",
        "survey_number": "SURVEY/15/012",
        "owner_reference": "Vikram Singh",
        "land_use": "Commercial",
        "area": 1226.39,
        "source_dataset": "Cadastral_Revenue_Map_2024",
        "confidence_score": 0.95
      }
    },
    {
      "type": "Feature",
      "geometry": {
        "type": "Polygon",
        "coordinates": [
          [
            [
              8626478.19258983,
              2156489.7528805654
            ],
            [
              8626515.710509205,
              2156489.4949380565
            ],
            [
              8626516.855821181,
              2156520.750911223
            ],
            [
              8626478.19258983,
              2156520.3046047306
            ],
            [
              8626478.19258983,
              2156489.7528805654
            ]
          ]
        ]
      },
      "properties": {
        "parcel_id": "P0237",
        "survey_number": "SURVEY/15/013",
        "owner_reference": "Suresh Verma",
        "land_use": "Agricultural",
        "area": 1177.09,
        "source_dataset": "Cadastral_Revenue_Map_2024",
        "confidence_score": 0.95
      }
    },
    {
      "type": "Feature",
      "geometry": {
        "type": "Polygon",
        "coordinates": [
          [
            [
              8626521.032974174,
              2156488.90233091
            ],
            [
              8626558.74069869,
              2156487.5025692694
            ],
            [
              8626557.300932685,
              2156523.6974983043
            ],
            [
              8626521.032974174,
              2156522.9808814344
            ],
            [
              8626521.032974174,
              2156488.90233091
            ]
          ]
        ]
      },
      "properties": {
        "parcel_id": "P0238",
        "survey_number": "SURVEY/15/014",
        "owner_reference": "Priya Verma",
        "land_use": "Industrial",
        "area": 1299.39,
        "source_dataset": "Cadastral_Revenue_Map_2024",
        "confidence_score": 0.95
      }
    },
    {
      "type": "Feature",
      "geometry": {
        "type": "Polygon",
        "coordinates": [
          [
            [
              8626561.592496693,
              2156488.3724187417
            ],
            [
              8626600.156679958,
              2156488.3206291012
            ],
            [
              8626598.74965957,
              2156522.0542870965
            ],
            [
              8626561.592496693,
              2156523.3816138706
            ],
            [
              8626561.592496693,
              2156488.3724187417
            ]
          ]
        ]
      },
      "properties": {
        "parcel_id": "P0239",
        "survey_number": "SURVEY/15/015",
        "owner_reference": "Amit Nair",
        "land_use": "Agricultural",
        "area": 1300.84,
        "source_dataset": "Cadastral_Revenue_Map_2024",
        "confidence_score": 0.95
      }
    },
    {
      "type": "Feature",
      "geometry": {
        "type": "Polygon",
        "coordinates": [
          [
            [
              8626600.788786815,
              2156490.888152418
            ],
            [
              8626640.16863085,
              2156490.2327216384
            ],
            [
              8626639.381275704,
              2156522.479741034
            ],
            [
              8626600.788786815,
              2156521.1286473633
            ],
            [
              8626600.788786815,
              2156490.888152418
            ]
          ]
        ]
      },
      "properties": {
        "parcel_id": "P0240",
        "survey_number": "SURVEY/15/016",
        "owner_reference": "Kavita Kulkarni",
        "land_use": "Agricultural",
        "area": 1218.21,
        "source_dataset": "Cadastral_Revenue_Map_2024",
        "confidence_score": 0.95
      }
    }
  ]
}